agency_cd,site_no,datetime,Discharge (Mean),19083_00060_00003_cd,Temperature (Max),19084_00010_00001_cd,Temperature (Min),19085_00010_00002_cd,Specific Conductance (Mean),19086_00095_00003_cd,Specific Conductance (Max),225562_00095_00001_cd,Specific Conductance (Min),225563_00095_00002_cd,Temperature (Mean),225648_00010_00003_cd,Dissolved Oxygen (Min),291098_00300_00002_cd,Dissolved Oxygen (Max),291099_00300_00001_cd,Dissolved Oxygen (Mean),291100_00300_00003_cd,pH (Median),291115_00400_00008_cd,pH (Min),291116_00400_00002_cd,Turbidity (Min),291117_63680_00002_cd,Turbidity (Median),291118_63680_00008_cd,pH (Max),291119_00400_00001_cd,Turbidity (Max),291120_63680_00001_cd
USGS,9163500,2021-06-10,6710,A,19.5,A,18,A,594,A,604,A,576,A,18.9,A,,,7.8,A:[4],,,8.1,A,8.1,A,40.1,P,47.8,P,8.2,A,55,P
USGS,9163500,2021-06-11,6130,A,19.4,A,17.4,A,622,A,640,A,603,A,18.5,A,7.6,A,8.1,A,7.9,A,8.2,A,8.2,A,35.2,P,39.5,P,8.3,A,41.1,P
USGS,9163500,2021-06-12,5700,A,20.2,A,18.1,A,656,A,670,A,637,A,19.1,A,7.6,A,8.1,A,7.9,A,8.3,A,8.2,A,31.1,P,35.7,P,8.3,A,72.9,P
USGS,9163500,2021-06-13,5250,A,20.9,A,19,A,687,A,705,A,670,A,19.9,A,7.5,A,8.1,A,7.8,A,8.3,A,8.3,A,29.2,P,31.8,P,8.3,A,36.1,P
USGS,9163500,2021-06-14,4960,A,21.8,A,19.8,A,717,A,734,A,704,A,20.8,A,7.4,A,8.2,A,7.8,A,8.3,A,8.3,A,23.3,P,28.5,P,8.4,A,29.6,P
USGS,9163500,2021-06-15,4570,A,22.1,A,20.3,A,752,A,769,A,734,A,21.2,A,7.3,A,8.3,A,7.8,A,8.4,A,8.4,A,22.7,P,25,P,8.4,A,26.9,P
USGS,9163500,2021-06-16,4230,A,23.3,A,20.9,A,785,A,799,A,769,A,22.1,A,7.2,A,8.4,A,7.7,A,8.4,A,8.4,A,20.5,P,23.6,P,8.5,A,26.4,P
USGS,9163500,2021-06-17,4020,A,24.2,A,21.7,A,816,A,823,A,798,A,22.8,A,7.1,A,8.5,A,7.7,A,8.4,A,8.4,A,19,P,21.1,P,8.5,A,23.6,P
USGS,9163500,2021-06-18,3870,A,24.2,A,22.3,A,838,A,852,A,823,A,23.3,A,6.9,A,8.4,A,7.6,A,8.5,A,8.4,A,17.3,P,19.1,P,8.5,A,27.5,P
USGS,9163500,2021-06-19,3710,A,24.2,A,22.4,A,863,A,876,A,836,A,23.2,A,6.9,A,8.6,A,7.7,A,8.5,A,8.4,A,17.2,P,21.7,P,8.6,A,37.6,P
USGS,9163500,2021-06-20,3690,A,24,A,21.8,A,889,A,903,A,867,A,22.9,A,6.9,A,8.9,A,7.8,A,8.5,A,8.4,A,19.6,P,22.5,P,8.6,A,29.1,P
USGS,9163500,2021-06-21,3660,A,24.3,A,21.4,A,913,A,929,A,894,A,22.8,A,7,A,8.8,A,7.8,A,8.5,A,8.2,A,19.1,P,29.9,P,8.5,A,70,P
USGS,9163500,2021-06-22,3310,A,24,A,22.2,A,919,A,933,A,900,A,23.1,A,6.9,A,8.9,A,7.9,A,8.5,A,8.4,A,23.3,P,27,P,8.6,A,41.3,P
USGS,9163500,2021-06-23,3020,A,22.5,A,21.1,A,956,A,970,A,930,A,21.7,A,7,A,8,A,7.5,A,8.4,A,8.4,A,20,P,22,P,8.6,A,25.9,P
USGS,9163500,2021-06-24,2910,A,21.8,A,20.5,A,987,A,1000,A,967,A,21.1,A,7.2,A,8.6,A,7.9,A,8.4,A,8.4,A,19.9,P,22.3,P,8.5,A,25.7,P
USGS,9163500,2021-06-25,2950,A,21.5,A,19.5,A,1020,A,1040,A,1000,A,20.5,A,7.2,A,8.4,A,7.7,A,8.4,A,8.3,A,20.8,P,33.5,P,8.5,A,163,P
USGS,9163500,2021-06-26,3940,A,21.6,A,19.6,A,1010,A,1030,A,985,A,20.7,A,6.6,A,7.6,A,6.9,A,8.1,A,8.1,A,29.8,P,249,P,8.4,A,1280,P
USGS,9163500,2021-06-27,3990,A,22.1,A,19.9,A,1050,A,1090,A,1010,A,21,A,6.7,A,6.9,A,6.8,A,8.1,A,8,A,157,P,263,P,8.1,A,336,P
USGS,9163500,2021-06-28,3830,A,22.8,A,20.3,A,1050,A,1100,A,1010,A,21.5,A,6.8,A,7.2,A,7,A,8.1,A,8.1,A,88.1,P,103,P,8.2,A,160,P
USGS,9163500,2021-06-29,3460,A,22,A,20.8,A,1060,A,1070,A,1050,A,21.5,A,6.8,A,7.3,A,7.1,A,8.2,A,8.1,A,67.6,P,74.6,P,8.2,A,158,P
USGS,9163500,2021-06-30,3120,A,23.6,A,20.9,A,1050,A,1060,A,1050,A,22.1,A,6.9,A,7.6,A,7.2,A,8.2,A,8.1,A,53.4,P,56.1,P,8.3,A,68.7,P
USGS,9163500,2021-07-01,3060,A,24.2,A,21.5,A,1070,A,1080,A,1060,A,22.8,A,6.8,A,7.4,A,7.1,A,8.2,A,8.2,A,51.4,P,57.4,P,8.2,A,169,P
USGS,9163500,2021-07-02,3080,A,24.8,A,21.8,A,1080,A,1100,A,1080,A,23.2,A,6.6,A,7.5,A,7,A,8.2,A,8.1,A,56.2,P,61.5,P,8.3,A,126,P
USGS,9163500,2021-07-03,3150,A,25.4,A,23,A,1090,A,1100,A,1070,A,24.1,A,6.5,A,6.8,A,6.7,A,8.2,A,8.1,A,83.8,P,109,P,8.2,A,229,P
USGS,9163500,2021-07-04,2900,A,26.2,A,23.3,A,1100,A,1110,A,1080,A,24.8,A,6.5,A,7.3,A,6.9,A,8.3,A,8.2,A,51.5,P,61.5,P,8.3,A,83.8,P
USGS,9163500,2021-07-05,2920,A,26.5,A,24.4,A,1120,A,1140,A,1100,A,25.3,A,6.5,A,7.4,A,6.9,A,8.3,A,8.2,A,45.8,P,50.8,P,8.4,A,58.1,P
USGS,9163500,2021-07-06,2520,A,26.9,A,23.9,A,1130,A,1140,A,1110,A,25.3,A,6.6,A,7.9,A,7.2,A,8.3,A,8.2,A,41.3,P,43.6,P,8.4,A,46.3,P
USGS,9163500,2021-07-07,2450,A,26.9,A,24.2,A,1160,A,1170,A,1140,A,25.5,A,6.5,A,7.3,A,6.8,A,8.2,A,8.2,A,41.4,P,60.9,P,8.3,A,71,P
USGS,9163500,2021-07-08,2490,A,26.8,A,24.2,A,1160,A,1180,A,1150,A,25.5,A,6.4,A,7.6,A,6.9,A,8.2,A,8.2,A,43.2,P,53.4,P,8.4,A,64.2,P
USGS,9163500,2021-07-09,2360,A,27.2,A,24.6,A,1170,A,1180,A,1160,A,25.9,A,6.4,A,7.7,A,7,A,8.3,A,8.3,A,42.8,P,48.1,P,8.4,A,67.3,P
USGS,9163500,2021-07-10,2220,A,26.6,A,24.5,A,1180,A,1190,A,1170,A,25.6,A,6.5,A,8.2,A,7.3,A,8.3,A,8.3,A,38.6,P,45,P,8.4,A,51,P
USGS,9163500,2021-07-11,2120,A,25.7,A,24,A,1200,A,1200,A,1190,A,24.9,A,6.6,A,8.4,A,7.5,A,8.4,A,8.3,A,34.8,P,40.1,P,8.5,A,46.1,P
USGS,9163500,2021-07-12,2170,A,25.3,A,23.1,A,1210,A,1220,A,1200,A,24.2,A,6.7,A,8.7,A,7.7,A,8.4,A,8.3,A,29.1,P,35.6,P,8.5,A,45,P
USGS,9163500,2021-07-13,2160,A,24.7,A,23.5,A,1220,A,1230,A,1200,A,24.1,A,6.7,A,8.4,A,7.5,A,8.4,A,8.4,A,27.2,P,31,P,8.4,A,36.7,P
USGS,9163500,2021-07-14,2240,A,24.7,A,22.4,A,1220,A,1230,A,1220,A,23.5,A,6.8,A,8.7,A,7.3,A,8.3,A,8.2,A,27.1,P,33.3,P,8.4,A,101,P
USGS,9163500,2021-07-15,2560,A,24.9,A,22,A,1220,A,1220,A,1190,A,23.4,A,6.7,A,7.6,A,7.1,A,8.2,A,8.1,A,55.5,P,63.8,P,8.3,A,103,P
USGS,9163500,2021-07-16,2770,A,25.1,A,22.9,A,1190,A,1200,A,1180,A,23.9,A,6.6,A,7.8,A,7.1,A,8.2,A,8.2,A,50.8,P,54.8,P,8.3,A,64.6,P
USGS,9163500,2021-07-17,2850,A,25.4,A,22.4,A,1180,A,1190,A,1170,A,23.8,A,6.6,A,7.5,A,7,A,8.2,A,8.1,A,59.9,P,71.6,P,8.2,A,84,P
USGS,9163500,2021-07-18,2670,A,26.4,A,23.5,A,1170,A,1170,A,1160,A,24.9,A,6.5,A,7.7,A,7,A,8.2,A,8.2,A,52.4,P,59.6,P,8.3,A,76.2,P
USGS,9163500,2021-07-19,2430,A,26.5,A,24.3,A,1170,A,1180,A,1160,A,25.4,A,6.5,A,7.7,A,7.1,A,8.3,A,8.2,A,42.3,P,53.4,P,8.4,A,64.2,P
USGS,9163500,2021-07-20,2360,A,27,A,24.5,A,1180,A,1190,A,1170,A,25.7,A,6.4,A,7.8,A,7.1,A,8.3,A,8.2,A,42.6,P,48.4,P,8.3,A,107,P
USGS,9163500,2021-07-21,2100,A,27.5,A,24.7,A,1220,A,1230,A,1190,A,26,A,6.4,A,8.1,A,7.2,A,8.3,A,8.2,A,36.4,P,44.4,P,8.4,A,49.3,P
USGS,9163500,2021-07-22,2060,A,27.5,A,25.1,A,1240,A,1260,A,1230,A,26.3,A,6.3,A,8.5,A,7.3,A,8.3,A,8.3,A,32.8,P,38,P,8.4,A,47.8,P
USGS,9163500,2021-07-23,2300,A,27.2,A,25.3,A,1240,A,1240,A,1240,A,26.2,A,6.2,A,8.3,A,7.2,A,8.3,A,8.2,A,33.5,P,39.5,P,8.4,A,52.2,P
USGS,9163500,2021-07-24,2590,A,26.1,A,24.5,A,1240,A,1320,A,1220,A,25.1,A,5.8,A,6.8,A,6.4,A,8.2,A,8,A,34.3,P,96.2,P,8.3,A,1130,P
USGS,9163500,2021-07-25,2960,A,26.5,A,23.6,A,1190,A,1220,A,1170,A,24.9,A,5.8,A,6.6,A,6.2,A,8.1,A,8,A,74,P,198,P,8.2,A,696,P
USGS,9163500,2021-07-26,3190,A,26.7,A,24.1,A,1150,A,1180,A,1120,A,25.3,A,5.7,A,6.2,A,6.1,A,8.1,A,8,A,189,P,332,P,8.1,A,791,P
USGS,9163500,2021-07-27,2910,A,26.6,A,24.4,A,1140,A,1170,A,1120,A,25.3,A,5.7,A,6.2,A,6.1,A,8.1,A,8,A,328,P,497,P,8.1,A,781,P
USGS,9163500,2021-07-28,2690,A,26.9,A,24.1,A,1190,A,1210,A,1170,A,25.4,A,6,A,6.4,A,6.2,A,8.1,A,8.1,A,213,P,327,P,8.1,A,804,P
USGS,9163500,2021-07-29,2990,A,26.5,A,24.7,A,1170,A,1210,A,1140,A,25.6,A,5.5,A,6.2,A,5.9,A,8,A,7.9,A,308,P,492,P,8.1,A,1210,P
USGS,9163500,2021-07-30,2690,A,26.1,A,24.2,A,1180,A,1210,A,1150,A,25.1,A,5.6,A,6.1,A,6,A,8,A,7.9,A,502,P,867,P,8.1,A,2290,P
USGS,9163500,2021-07-31,3060,A,25,A,23.5,A,1190,A,1220,A,1170,A,24.3,A,5.8,A,6.4,A,6.3,A,8.1,A,8,A,351,P,522,P,8.1,A,1530,P
USGS,9163500,2021-08-01,3580,A,24.5,A,22.9,A,1150,A,1210,A,1120,A,23.7,A,2.9,A,6.5,A,5.8,A,8,A,7.7,A,501,P,1100,P,8.1,A,3640,P
USGS,9163500,2021-08-02,3740,A,25.2,A,22.7,A,1130,A,1170,A,1100,A,23.8,A,5,A,6.4,A,6.1,A,8,A,7.8,A,1040,P,1870,P,8,A,3880,P
USGS,9163500,2021-08-03,3860,A,24.9,A,23.2,A,1160,A,1270,A,1080,A,24,A,5.3,A,6.2,A,6,A,8,A,7.8,A,1110,P,1860,P,8,A,2640,P
USGS,9163500,2021-08-04,3640,A,24.7,A,22.7,A,1220,A,1270,A,1190,A,23.7,A,6.2,A,6.6,A,6.4,A,8,A,8,A,920,P,1180,P,8.1,A,2580,P
USGS,9163500,2021-08-05,3600,A,24.2,A,22.6,A,1140,A,1190,A,1090,A,23.4,A,6.2,A,6.7,A,6.5,A,8.1,A,8,A,591,P,852,P,8.1,A,1600,P
USGS,9163500,2021-08-06,3750,A,23.7,A,22.3,A,1090,A,1100,A,1080,A,23,A,6.6,A,6.8,A,6.7,A,8.1,A,8.1,A,304,P,440,P,8.1,A,1200,P
USGS,9163500,2021-08-07,3210,A,22.7,A,21.4,A,1070,A,1080,A,1040,A,22.1,A,6.7,A,7,A,6.9,A,8.2,A,8.1,A,233,P,264,P,8.2,A,567,P
USGS,9163500,2021-08-08,3000,A,22.7,A,20.7,A,1060,A,1090,A,1030,A,21.7,A,7,A,7.1,A,7,A,8.2,A,8.2,A,166,P,199,P,8.2,A,236,P
USGS,9163500,2021-08-09,2880,A,23.2,A,20.5,A,1110,A,1120,A,1090,A,21.8,A,7,A,7.2,A,7.1,A,8.2,A,8.2,A,128,P,160,P,8.2,A,277,P
USGS,9163500,2021-08-10,2720,A,23.5,A,21,A,1140,A,1150,A,1120,A,22.2,A,7,A,7.2,A,7.1,A,8.2,A,8.2,A,108,P,127,P,8.2,A,604,P
USGS,9163500,2021-08-11,2550,A,23.8,A,21.1,A,1170,A,1180,A,1150,A,22.4,A,7,A,7.3,A,7.1,A,8.2,A,8.2,A,91,P,111,P,8.2,A,728,P
USGS,9163500,2021-08-12,2470,A,23.9,A,21.2,A,1190,A,1200,A,1180,A,22.6,A,6.9,A,7.4,A,7.2,A,8.2,A,8.2,A,73.9,P,86.7,P,8.3,A,99.1,P
USGS,9163500,2021-08-13,2410,A,24.4,A,21.5,A,1200,A,1210,A,1200,A,22.9,A,7,A,7.5,A,7.3,A,8.3,A,8.2,A,66.4,P,74.1,P,8.3,A,116,P
USGS,9163500,2021-08-14,2380,A,24.8,A,22.4,A,1210,A,1220,A,1200,A,23.6,A,6.9,A,7.6,A,7.2,A,8.3,A,8.2,A,57.5,P,68.3,P,8.3,A,120,P
USGS,9163500,2021-08-15,2250,A,24.5,A,22.6,A,1230,A,1230,A,1210,A,23.6,A,6.9,A,7.7,A,7.2,A,8.3,A,8.3,A,49.6,P,58.3,P,8.3,A,257,P
USGS,9163500,2021-08-16,2290,A,25.2,A,22.8,A,1230,A,1230,A,1220,A,23.9,A,6.8,A,8,A,7.3,A,8.3,A,8.3,A,38.3,P,50.2,P,8.4,A,58.8,P
USGS,9163500,2021-08-17,2240,A,25,A,23,A,1230,A,1240,A,1220,A,24,A,6.8,A,8.2,A,7.4,A,8.3,A,8.3,A,35.5,P,40.2,P,8.4,A,51.2,P
USGS,9163500,2021-08-18,2330,A,23.8,A,22.2,A,1220,A,1230,A,1220,A,23.2,A,6.8,A,8,A,7.3,A,8.3,A,8.3,A,36.2,P,39.8,P,8.4,A,60.7,P
USGS,9163500,2021-08-19,2910,A,22.2,A,19.3,A,1250,A,1350,A,1210,A,20.7,A,5.1,A,7.3,A,6.7,A,8.2,A,7.7,A,36.2,P:[4],76.1,P:[4],8.3,A,3990,P:[4]
USGS,9163500,2021-08-20,3940,A,20.7,A,18.3,A,1150,A,1240,A,1090,A,19.4,A,3.9,A,7,A,6.2,A,7.8,A,7.7,A,736,P,1550,P,8,A,3930,P
USGS,9163500,2021-08-21,4700,A,20.4,A,18.6,A,1100,A,1150,A,1070,A,19.5,A,7,A,7.2,A,7.1,A,8,A,8,A,804,P,1010,P,8,A,1180,P
USGS,9163500,2021-08-22,4250,A,21.3,A,18.9,A,1190,A,1200,A,1150,A,20,A,7.1,A,7.2,A,7.1,A,8,A,8,A,562,P,720,P,8.1,A,1140,P
USGS,9163500,2021-08-23,3850,A,22.1,A,19.8,A,1140,A,1180,A,1120,A,20.9,A,7.1,A,7.2,A,7.1,A,8.1,A,8.1,A,205,P,314,P,8.1,A,562,P
USGS,9163500,2021-08-24,3500,A,22.3,A,20,A,1120,A,1130,A,1120,A,21.1,A,7.1,A,7.3,A,7.2,A,8.2,A,8.1,A,144,P,168,P,8.2,A,206,P
USGS,9163500,2021-08-25,3040,A,22.7,A,20.2,A,1140,A,1150,A,1120,A,21.4,A,7.1,A,7.4,A,7.3,A,8.2,A,8.2,A,111,P,127,P,8.2,A,195,P
USGS,9163500,2021-08-26,2810,A,22.4,A,20.7,A,1160,A,1170,A,1150,A,21.5,A,7.2,A,7.4,A,7.3,A,8.2,A,8.2,A,94.4,P,106,P,8.2,A,120,P
USGS,9163500,2021-08-27,2770,A,22.6,A,20,A,1180,A,1200,A,1170,A,21.3,A,7.2,A,7.6,A,7.4,A,8.2,A,8.2,A,83.4,P,94.1,P,8.3,A,105,P
USGS,9163500,2021-08-28,2770,A,22.8,A,20.5,A,1200,A,1200,A,1190,A,21.6,A,7.2,A,7.6,A,7.4,A,8.3,A,8.2,A,78.9,P,85.1,P,8.3,A,112,P
USGS,9163500,2021-08-29,2740,A,22.7,A,20.4,A,1200,A,1210,A,1190,A,21.5,A,7.2,A,7.8,A,7.5,A,8.3,A,8.2,A,66.2,P,83.3,P,8.3,A,123,P
USGS,9163500,2021-08-30,2720,A,22.4,A,20,A,1210,A,1210,A,1200,A,21.2,A,7.3,A,8,A,7.6,A,8.3,A,8.3,A,62.7,P,72,P,8.3,A,81.2,P
USGS,9163500,2021-08-31,2630,A,22.8,A,20.3,A,1210,A,1220,A,1200,A,21.6,A,7.2,A,8.1,A,7.6,A,8.3,A,8.2,A,56,P,62.6,P,8.3,A,71.1,P
USGS,9163500,2021-09-01,2660,A,22.1,A,20.2,A,1210,A,1220,A,1200,A,20.9,A,7.1,A,7.5,A,7.3,A,8.3,A,8.2,A,56.6,P,63.3,P,8.3,A,70.1,P
USGS,9163500,2021-09-02,3300,A,22.1,A,19.6,A,1190,A,1210,A,1170,A,20.8,A,6.9,A,7.3,A,7.1,A,8.1,A,8.1,A,65,P,202,P,8.2,A,675,P
USGS,9163500,2021-09-03,3360,A,22.7,A,20.6,A,1180,A,1190,A,1170,A,21.6,A,7,A,7.3,A,7.1,A,8.1,A,8.1,A,301,P,394,P,8.2,A,864,P
USGS,9163500,2021-09-04,3550,A,22.4,A,20.3,A,1160,A,1170,A,1150,A,21.4,A,7,A,7.3,A,7.2,A,8.2,A,8.1,A,251,P,303,P,8.2,A,424,P
USGS,9163500,2021-09-05,3430,A,22.2,A,20,A,1160,A,1160,A,1140,A,21.1,A,7,A,7.5,A,7.3,A,8.2,A,8.1,A,128,P,271,P,8.2,A,3520,P
USGS,9163500,2021-09-06,3380,A,21.9,A,19.7,A,1140,A,1150,A,1130,A,20.8,A,7.3,A,7.6,A,7.5,A,8.2,A,8.2,A,92.5,P,307,P,8.3,A,3600,P
USGS,9163500,2021-09-07,3270,A,21.8,A,19.5,A,1140,A,1140,A,1130,A,20.6,A,7.4,A,7.8,A,7.6,A,8.3,A,8.3,A,65,P,87.2,P,8.3,A,150,P
USGS,9163500,2021-09-08,3090,A,21.6,A,19.3,A,1140,A,1150,A,1130,A,20.4,A,7.4,A,8,A,7.7,A,8.3,A,8.3,A,58.5,P,66.2,P,8.3,A,106,P
USGS,9163500,2021-09-09,2900,A,21.5,A,19.1,A,1150,A,1160,A,1140,A,20.3,A,7.5,A,8.2,A,7.8,A,8.3,A,8.3,A,51.4,P,57.6,P,8.4,A,130,P
USGS,9163500,2021-09-10,2810,A,21.7,A,19.2,A,1170,A,1180,A,1160,A,20.5,A,7.5,A,8.4,A,7.9,A,8.3,A,8.3,A,45.9,P,51,P,8.4,A,78.6,P
USGS,9163500,2021-09-11,2810,A,22,A,19.9,A,1180,A,1190,A,1170,A,20.9,A,7.4,A,8.4,A,7.9,A,8.4,A,8.3,A,44.4,P,57.2,P,8.4,A,670,P
USGS,9163500,2021-09-12,2830,A,22.3,A,19.9,A,1180,A,1190,A,1180,A,21,A,7.4,A,8.6,A,7.9,A,8.4,A,8.3,A,43,P,45.3,P,8.4,A,884,P
USGS,9163500,2021-09-13,2920,A,22.3,A,20.3,A,1180,A,1180,A,1170,A,21.3,A,7.2,A,8.6,A,7.8,A,8.4,A,8.3,A,43,P,46.8,P,8.4,A,334,P
USGS,9163500,2021-09-14,2880,A,22.1,A,20,A,1180,A,1180,A,1170,A,21.1,A,7.2,A,8.9,A,7.9,A,8.4,A,8.3,A,104,P,382,P,8.5,A,1060,P
USGS,9163500,2021-09-15,2770,A,21.6,A,19.7,A,1180,A,1180,A,1170,A,20.7,A,7.3,A,9.2,A,8.1,A,8.4,A,8.3,A,31.5,P,34.8,P,8.5,A,396,P
USGS,9163500,2021-09-16,2740,A,20.9,A,19.1,A,1190,A,1200,A,1180,A,20,A,7.3,A,9.4,A,8.2,A,8.4,A,8.3,A,31.4,P,33.1,P,8.5,A,36.3,P
USGS,9163500,2021-09-17,2700,A,20.2,A,18.3,A,1200,A,1210,A,1190,A,19.3,A,7.5,A,9.8,A,8.5,A,8.4,A,8.3,A,26.1,P,30.9,P,8.5,A,72.4,P
USGS,9163500,2021-09-18,2680,A,19.5,A,17.8,A,1190,A,1200,A,1180,A,18.6,A,7.6,A,9.8,A,8.5,A,8.4,A,8.3,A,26.6,P,30.6,P,8.5,A,45.9,P
USGS,9163500,2021-09-19,2750,A,19.2,A,17.6,A,1190,A,1190,A,1180,A,18.4,A,7.6,A,9.4,A,8.4,A,8.3,A,8.2,A,31.4,P,34.7,P,8.5,A,41.8,P
USGS,9163500,2021-09-20,2890,A,19.2,A,17.2,A,1180,A,1190,A,1180,A,18.2,A,7.6,A,9.5,A,8.4,A,8.4,A,8.2,A,36.9,P,43,P,8.5,A,48,P
USGS,9163500,2021-09-21,2810,A,18.3,A,16.4,A,1180,A,1190,A,1170,A,17.4,A,7.8,A,10.1,A,8.8,A,8.4,A,8.3,A,35.5,P,39.9,P,8.5,A,47.9,P
USGS,9163500,2021-09-22,2700,A,17.7,A,15.7,A,1190,A,1200,A,1180,A,16.7,A,8,A,10.6,A,9.1,A,8.4,A,8.3,A,31.5,P,33.2,P,8.6,A,48.9,P
USGS,9163500,2021-09-23,2660,A,17.5,A,15.6,A,1200,A,1210,A,1190,A,16.6,A,8,A,10.6,A,9.1,A,8.4,A,8.3,A,29.7,P,32.2,P,8.6,A,34.1,P
USGS,9163500,2021-09-24,2640,A,18,A,15.6,A,1210,A,1220,A,1200,A,16.8,A,8,A,11,A,9.3,A,8.4,A,8.3,A,30.6,P,32.8,P,8.6,A,51.9,P
USGS,9163500,2021-09-25,2600,A,18.2,A,16.1,A,1220,A,1220,A,1210,A,17.1,A,7.9,A,11.1,A,9.3,A,8.4,A,8.3,A,30.5,P,32,P,8.6,A,35.1,P
USGS,9163500,2021-09-26,2590,A,17.8,A,16.3,A,1230,A,1230,A,1220,A,17.1,A,7.7,A,10.7,A,9,A,8.4,A,8.2,A,30.3,P,31.8,P,8.5,A,34.4,P
USGS,9163500,2021-09-27,2560,A,18.5,A,16.3,A,1240,A,1240,A,1230,A,17.4,A,7.7,A,10.9,A,9.1,A,8.4,A,8.2,A,31,P,32,P,8.5,A,34.2,P
USGS,9163500,2021-09-28,2540,A,19.1,A,17.6,A,1250,A,1250,A,1240,A,18.2,A,7.4,A,10.4,A,8.7,A,8.3,A,8.2,A,30.1,P,31.9,P,8.5,A,36.8,P
USGS,9163500,2021-09-29,4130,A,17.7,A,15.8,A,1220,A,1320,A,1150,A,16.5,A,4.5,A,8,A,6.4,A,7.8,A,7.6,A,35,P:[4],1520,P:[4],8.3,A,3990,P:[4]
USGS,9163500,2021-09-30,4450,A,16.5,A,15.7,A,1220,A,1260,A,1180,A,16.1,A,6,A,7.5,A,7.1,A,7.9,A,7.7,A,1060,P:[4],1800,P:[4],7.9,A,3990,P:[4]
USGS,9163500,2021-10-01,3860,A,17.4,A,15.9,A,1190,A,1200,A,1180,A,16.6,A,6.9,A,7.6,A,7.3,A,7.9,A,7.8,A,1560,P:[4],2810,P:[4],8,A,4000,P:[4]
USGS,9163500,2021-10-02,3650,A,17.9,A,15.9,A,1220,A,1230,A,1190,A,16.9,A,7.6,A,7.9,A,7.8,A,8,A,8,A,405,P,686,P,8.1,A,1560,P
USGS,9163500,2021-10-03,3530,A,18,A,16.1,A,1210,A,1220,A,1190,A,17.1,A,7.7,A,7.9,A,7.8,A,8.1,A,8.1,A,231,P,270,P,8.1,A,405,P
USGS,9163500,2021-10-04,3390,A,18,A,16.1,A,1200,A,1200,A,1190,A,17,A,7.8,A,8,A,7.9,A,8.1,A,8.1,A,148,P,194,P,8.1,A,242,P
USGS,9163500,2021-10-05,3250,A,17.2,A,15.9,A,1200,A,1210,A,1200,A,16.6,A,7.8,A,8,A,8,A,8.1,A,8.1,A,122,P,134,P,8.2,A,286,P
USGS,9163500,2021-10-06,3150,A,17.7,A,16,A,1210,A,1230,A,1200,A,16.8,A,7.9,A,8.1,A,8,A,8.2,A,8.1,A,102,P,110,P,8.2,A,122,P
USGS,9163500,2021-10-07,3030,A,17.5,A,15.9,A,1240,A,1240,A,1230,A,16.7,A,7.9,A,8.2,A,8,A,8.1,A,8.1,A,83.8,P,95.9,P,8.2,A,104,P
USGS,9163500,2021-10-08,2850,A,16.7,A,15.4,A,1260,A,1260,A,1240,A,16,A,8,A,8.2,A,8.1,A,8.2,A,8.2,A,73,P,80.5,P,8.2,A,397,P
USGS,9163500,2021-10-09,2830,A,16,A,14.6,A,1280,A,1300,A,1220,A,15.3,A,7.5,A,8.4,A,8.1,A,8.2,A,8,A,70.7,P,94.2,P,8.2,A,3140,P
USGS,9163500,2021-10-10,2840,A,15.7,A,13.9,A,1340,A,1360,A,1260,A,14.8,A,8,A,8.4,A,8.3,A,8.2,A,8.1,A,170,P,290,P,8.2,A,1610,P
USGS,9163500,2021-10-11,3060,A,14.6,A,13.3,A,1350,A,1360,A,1350,A,14,A,8.3,A,8.5,A,8.4,A,8.2,A,8.2,A,195,P,231,P,8.2,A,273,P
USGS,9163500,2021-10-12,3190,A,13.5,A,11.8,A,1350,A,1360,A,1330,A,12.4,A,8.4,A,8.8,A,8.7,A,8.2,A,8.2,A,163,P,202,P,8.2,A,350,P
USGS,9163500,2021-10-13,3340,A,12.3,A,11.1,A,1290,A,1330,A,1270,A,11.7,A,8.8,A,9,A,8.9,A,8.2,A,8.2,A,158,P,261,P,8.2,A,426,P
USGS,9163500,2021-10-14,3470,A,11.5,A,10.7,A,1260,A,1270,A,1260,A,11.1,A,9,A,9.2,A,9.2,A,8.2,A,8.2,A,187,P,210,P,8.2,A,247,P
USGS,9163500,2021-10-15,3560,A,11.1,A,9.5,A,1250,A,1270,A,1240,A,10.3,A,9.2,A,9.5,A,9.4,A,8.2,A,8.1,A,155,P,254,P,8.2,A,378,P
USGS,9163500,2021-10-16,3440,A,10.9,A,9.1,A,1230,A,1240,A,1220,A,10,A,9.5,A,9.7,A,9.6,A,8.2,A,8.2,A,163,P,268,P,8.2,A,324,P
USGS,9163500,2021-10-17,3430,A,11.4,A,9.4,A,1230,A,1240,A,1220,A,10.4,A,9.3,A,9.6,A,9.5,A,8.2,A,8.2,A,117,P,170,P,8.3,A,257,P
USGS,9163500,2021-10-18,3420,A,12.1,A,10.4,A,1230,A,1240,A,1220,A,11.2,A,9.1,A,9.3,A,9.2,A,8.3,A,8.2,A,86.7,P,98.4,P,8.3,A,135,P
USGS,9163500,2021-10-19,3410,A,11.9,A,10.7,A,1230,A,1240,A,1220,A,11.3,A,9,A,9.2,A,9.1,A,8.3,A,8.2,A,83.2,P,89.8,P,8.3,A,593,P
USGS,9163500,2021-10-20,3370,A,11.5,A,9.8,A,1220,A,1230,A,1220,A,10.6,A,9.2,A,9.5,A,9.3,A,8.2,A,8.2,A,138,P,191,P,8.2,A,458,P
USGS,9163500,2021-10-21,3310,A,11.4,A,9.9,A,1220,A,1230,A,1220,A,10.6,A,9.3,A,9.5,A,9.4,A,8.2,A,8.2,A,129,P,212,P,8.2,A,331,P
USGS,9163500,2021-10-22,3300,A,11.7,A,9.9,A,1230,A,1240,A,1220,A,10.8,A,9.3,A,9.6,A,9.5,A,8.3,A,8.2,A,70.1,P,78,P,8.3,A,129,P
USGS,9163500,2021-10-23,3270,A,11.1,A,10.1,A,1240,A,1240,A,1230,A,10.6,A,9.3,A,9.4,A,9.4,A,8.3,A,8.3,A,58.8,P,64.2,P,8.3,A,75.5,P
USGS,9163500,2021-10-24,3210,A,11.7,A,10.1,A,1230,A,1240,A,1220,A,10.9,A,9.3,A,9.6,A,9.4,A,8.3,A,8.3,A,53,P,56.8,P,8.3,A,84.1,P
USGS,9163500,2021-10-25,3200,A,12.6,A,10.8,A,1230,A,1240,A,1220,A,11.6,A,9,A,9.4,A,9.2,A,8.3,A,8.3,A,54.8,P,56.8,P,8.3,A,103,P
USGS,9163500,2021-10-26,3430,A,12.1,A,10.5,A,1230,A,1280,A,1200,A,11.5,A,8.8,A,9,A,8.9,A,8.3,A,8.1,A,57.5,P,155,P,8.3,A,1330,P
USGS,9163500,2021-10-27,4070,A,10.7,A,9.5,A,1200,A,1250,A,1180,A,10.1,A,9,A,9.4,A,9.2,A,8.1,A,8.1,A,599,P,1100,P,8.2,A,1540,P
USGS,9163500,2021-10-28,3610,A,10.7,A,9.2,A,1180,A,1200,A,1170,A,9.9,A,9.4,A,9.6,A,9.5,A,8.2,A,8.2,A,678,P,1180,P,8.2,A,2130,P
USGS,9163500,2021-10-29,3530,A,10.8,A,9.2,A,1200,A,1210,A,1200,A,10,A,9.4,A,9.6,A,9.5,A,8.2,A,8.2,A,164,P,257,P,8.2,A,678,P
USGS,9163500,2021-10-30,3690,A,10.9,A,9.3,A,1190,A,1200,A,1180,A,10.1,A,9.4,A,9.5,A,9.5,A,8.2,A,8.2,A,111,P,179,P,8.2,A,224,P
USGS,9163500,2021-10-31,3400,A,10.4,A,9.8,A,1200,A,1210,A,1190,A,10.1,A,9.4,A,9.5,A,9.5,A,8.3,A,8.2,A,75.9,P,87,P,8.3,A,113,P
USGS,9163500,2021-11-01,3320,A,10.9,A,9.4,A,1210,A,1210,A,1200,A,10.1,A,9.5,A,9.6,A,9.6,A,8.3,A,8.2,A,60.1,P,65.6,P,8.3,A,76.7,P
USGS,9163500,2021-11-02,3390,A,11.6,A,10.2,A,1200,A,1210,A,1190,A,10.8,A,9.3,A,9.5,A,9.4,A,8.3,A,8.3,A,56.6,P,60,P,8.3,A,97,P
USGS,9163500,2021-11-03,3320,A,11.5,A,10,A,1200,A,1210,A,1190,A,10.8,A,9.3,A,9.6,A,9.5,A,8.3,A,8.3,A,58.7,P,64.6,P,8.3,A,68.7,P
USGS,9163500,2021-11-04,3100,A,11.2,A,9.9,A,1230,A,1240,A,1210,A,10.6,A,9.3,A,9.5,A,9.4,A,8.3,A,8.2,A,65.5,P,110,P,8.3,A,216,P
USGS,9163500,2021-11-05,3030,A,10.7,A,9.2,A,1260,A,1300,A,1240,A,10,A,9.4,A,9.6,A,9.5,A,8.3,A,8.2,A,108,P,207,P,8.3,A,236,P
USGS,9163500,2021-11-06,2950,A,10.6,A,9.1,A,1290,A,1300,A,1280,A,9.8,A,9.5,A,9.9,A,9.7,A,8.3,A,8.3,A,52.5,P,62.2,P,8.3,A,108,P
USGS,9163500,2021-11-07,3180,A,10.3,A,8.9,A,1280,A,1290,A,1270,A,9.6,A,9.4,A,9.8,A,9.6,A,8.3,A,8.2,A,55.9,P,77.6,P,8.3,A,494,P
USGS,9163500,2021-11-08,2960,P,9.7,A,8.8,A,1290,A,1290,A,1280,A,9.3,A,9.4,A,9.6,A,9.6,A,8.2,A,8.2,A,126,P,181,P,8.3,A,494,P
USGS,9163500,2021-11-09,2850,P,9,A,8.1,A,1290,A,1300,A,1280,A,8.6,A,9.6,A,10,A,9.8,A,8.3,A,8.2,A,73,P,96.5,P,8.3,A,137,P
USGS,9163500,2021-11-10,2840,P,9.5,A,8.2,A,1300,A,1300,A,1300,A,8.8,A,9.8,A,10,A,9.9,A,8.3,A,8.3,A,58.6,P,62.9,P,8.3,A,73,P
USGS,9163500,2021-11-11,2860,P,9,A,7.7,A,1300,A,1300,A,1290,A,8.4,A,9.9,A,10.2,A,10,A,8.3,A,8.3,A,56.8,P,65.5,P,8.3,A,82.1,P
USGS,9163500,2021-11-12,2840,P,8.7,A,7.3,A,1310,A,1330,A,1290,A,8,A,10,A,10.4,A,10.2,A,8.3,A,8.3,A,49.2,P,63.6,P,8.3,A,81.4,P
USGS,9163500,2021-11-13,2820,P,8.6,A,7.4,A,1290,A,1290,A,1260,A,8,A,10.1,A,10.4,A,10.2,A,8.3,A,8.3,A,40.1,P,44.8,P,8.3,A,49.3,P
USGS,9163500,2021-11-14,2760,P,8.4,A,7,A,1260,A,1270,A,1250,A,7.7,A,10.2,A,10.6,A,10.4,A,8.3,A,8.3,A,31.7,P,33.6,P,8.4,A,43.6,P
USGS,9163500,2021-11-15,2740,P,8.7,A,7.2,A,1270,A,1280,A,1260,A,7.9,A,10.2,A,10.5,A,10.3,A,8.3,A,8.3,A,29.3,P,30.6,P,8.4,A,33.1,P
USGS,9163500,2021-11-16,2730,P,8.4,A,7.7,A,1280,A,1290,A,1280,A,8,A,10,A,10.3,A,10.2,A,8.3,A,8.3,A,28,P,29.5,P,8.5,A,34.1,P
USGS,9163500,2021-11-17,2740,P,7.9,A,6.8,A,1280,A,1280,A,1280,A,7.4,A,10.1,A,10.6,A,10.4,A,8.4,A,8.3,A,28.9,P,30,P,8.5,A,31.4,P
USGS,9163500,2021-11-18,2750,P,6.8,A,5.5,A,1280,A,1280,A,1270,A,6.2,A,10.5,A,11.1,A,10.8,A,8.5,A,8.4,A,26.8,P,29.1,P,8.5,A,33.2,P
USGS,9163500,2021-11-19,2640,P,6.7,A,5.6,A,1280,A,1290,A,1270,A,6.1,A,10.6,A,11.2,A,10.9,A,8.5,A,8.4,A,16.9,P,20.8,P,8.5,A,29.6,P
USGS,9163500,2021-11-20,2590,P,6.7,A,5.6,A,1280,A,1290,A,1260,A,6.2,A,10.6,A,11.3,A,10.9,A,8.5,A,8.4,A,16.2,P,17.6,P,8.5,A,25.7,P
USGS,9163500,2021-11-21,2520,P,6.4,A,5.2,A,1280,A,1290,A,1280,A,5.8,A,10.7,A,11.6,A,11.1,A,8.5,A,8.4,A,14.4,P,15.6,P,8.5,A,26.8,P
USGS,9163500,2021-11-22,2590,P,5.9,A,4.9,A,1300,A,1310,A,1280,A,5.4,A,10.8,A,11.8,A,11.3,A,8.5,A,8.4,A,13.5,P,14.8,P,8.6,A,19.2,P
USGS,9163500,2021-11-23,2590,P,5.2,A,4.2,A,1330,A,1340,A,1310,A,4.7,A,11,A,12,A,11.5,A,8.5,A,8.4,A,12.2,P,13.4,P,8.6,A,15.1,P
USGS,9163500,2021-11-24,2490,P,4.8,A,3.5,A,1310,A,1310,A,1300,A,4.1,A,11.1,A,12.4,A,11.7,A,8.5,A,8.4,A,10.5,P,11.7,P,8.6,A,21.8,P
USGS,9163500,2021-11-25,2490,P,4.1,A,3,A,1310,A,1310,A,1300,A,3.6,A,11.4,A,12.8,A,12,A,8.5,A,8.4,A,9.7,P,10.7,P,8.6,A,13,P
USGS,9163500,2021-11-26,2470,P,3.8,A,2.6,A,1320,A,1330,A,1310,A,3.2,A,11.6,A,13.1,A,12.3,A,8.5,A,8.4,A,8.5,P,9.5,P,8.6,A,13.1,P
USGS,9163500,2021-11-27,2370,P,3.7,A,2.3,A,1340,A,1340,A,1330,A,3,A,11.7,A,13.2,A,12.3,A,8.5,A,8.4,A,7.5,P,9.6,P,8.6,A,13.2,P
USGS,9163500,2021-11-28,2310,P,3.9,A,2.5,A,1330,A,1340,A,1320,A,3.2,A,11.7,A,13.4,A,12.4,A,8.5,A,8.4,A,6.6,P,7.8,P,8.7,A,15.5,P
USGS,9163500,2021-11-29,2350,P,4.2,A,2.8,A,1350,A,1370,A,1340,A,3.5,A,11.6,A,13.4,A,12.4,A,8.6,A,8.5,A,7.2,P,8,P,8.7,A,10.2,P
USGS,9163500,2021-11-30,2370,P,4.5,A,3,A,1370,A,1380,A,1360,A,3.7,A,11.4,A,13.7,A,12.4,A,8.6,A,8.5,A,6.5,P,7.8,P,8.7,A,16,P
USGS,9163500,2021-12-01,2340,P,4.7,A,3.3,A,1360,A,1370,A,1350,A,4,A,11.4,A,13.8,A,12.4,A,8.6,A,8.5,A,6.9,P,7.8,P,8.7,A,10,P
USGS,9163500,2021-12-02,2330,P,4.8,A,3.5,A,1350,A,1360,A,1340,A,4.1,A,11.3,A,13.9,A,12.4,A,8.6,A,8.5,A,4.6,P,6.1,P,8.8,A,10.6,P
USGS,9163500,2021-12-03,2330,P,4.8,A,3.5,A,1360,A,1360,A,1350,A,4.2,A,11.2,A,14,A,12.5,A,8.6,A,8.5,A,4.1,P,5,P,8.8,A,10.8,P
USGS,9163500,2021-12-04,2310,P,4.8,A,3.6,A,1350,A,1360,A,1340,A,4.2,A,11.2,A,14.1,A,12.5,A,8.7,A,8.4,A,3.8,P,4.8,P,8.8,A,6.7,P
USGS,9163500,2021-12-05,2280,P,4.5,A,3.4,A,1340,A,1350,A,1340,A,4,A,10.9,A,14,A,12.4,A,8.7,A,8.3,A,4.8,P,5.9,P,8.8,A,20.4,P
USGS,9163500,2021-12-06,2270,P,4.1,A,3,A,1350,A,1360,A,1350,A,3.5,A,11.3,A,14,A,12.5,A,8.7,A,8.4,A,3.8,P,4.6,P,8.8,A,6.9,P
USGS,9163500,2021-12-07,2280,P,4.6,A,3.5,A,1350,A,1360,A,1350,A,4,A,11.2,A,14,A,12.4,A,8.6,A,8.5,A,4.1,P,4.9,P,8.8,A,11.2,P
USGS,9163500,2021-12-08,2310,P,4.5,A,3.9,A,1360,A,1370,A,1350,A,4.1,A,11,A,13.2,A,11.9,A,8.6,A,8.5,A,3.7,P,4.8,P,8.7,A,20.4,P
USGS,9163500,2021-12-09,2350,P,4.2,A,3.6,A,1350,A,1360,A,1340,A,3.9,A,11,A,12.5,A,11.7,A,8.6,A,8.5,A,4.3,P,5.6,P,8.7,A,18.9,P
USGS,9163500,2021-12-10,2520,P,4.2,A,3.2,A,1370,A,1390,A,1340,A,3.9,A,10.8,A,12.3,A,11.5,A,8.6,A,8.5,A,12.9,P,18.3,P,8.6,A,79.1,P
USGS,9163500,2021-12-11,2520,P,3.2,A,1.8,A,1340,A,1360,A,1310,A,2.3,A,11.4,A,11.6,A,11.5,A,8.4,A,8.4,A,24.9,P,239,P,8.5,A,906,P
USGS,9163500,2021-12-12,2320,P,1.8,A,0.8,A,1340,A,1370,A,1320,A,1.1,A,11.6,A,12.1,A,12,A,8.4,A,8.4,A,337,P,623,P,8.4,A,794,P
USGS,9163500,2021-12-13,2070,P,1.2,A,0.2,A,1400,A,1420,A,1370,A,0.7,A,12.1,A,12.9,A,12.5,A,8.5,A,8.4,A,25.8,P,52.9,P,8.6,A,337,P
USGS,9163500,2021-12-14,2010,P,2.4,A,0.8,A,1410,A,1420,A,1400,A,1.3,A,12.2,A,13.3,A,12.7,A,8.6,A,8.5,A,14.1,P,19.2,P,8.6,A,68.9,P
USGS,9163500,2021-12-15,2120,P,2.7,A,2,A,1410,A,1460,A,1390,A,2.3,A,11.4,A,12.2,A,11.6,A,8.5,A,8.5,A,30,P,79.1,P,8.6,A,252,P
USGS,9163500,2021-12-16,2270,P,2.3,A,1.7,A,1470,A,1480,A,1460,A,2,A,11.5,A,11.7,A,11.6,A,8.5,A,8.5,A,76.1,P,105,P,8.5,A,179,P
USGS,9163500,2021-12-17,2360,P,2.2,A,1.2,A,1490,A,1520,A,1460,A,1.7,A,11.7,A,12.6,A,12.1,A,8.5,A,8.5,A,20.9,P,44.4,P,8.6,A,86.7,P
USGS,9163500,2021-12-18,2220,P,1.7,A,0.8,A,1430,A,1460,A,1380,A,1.2,A,12.1,A,13.3,A,12.6,A,8.6,A,8.5,A,14.7,P,19.8,P,8.6,A,36,P
USGS,9163500,2021-12-19,2160,P,1,A,0,A,1370,A,1380,A,1360,A,0.4,A,12.4,A,13.7,A,13,A,8.6,A,8.5,A,11.5,P,15.2,P,8.7,A,21.5,P
USGS,9163500,2021-12-20,1950,P,0.4,A,0,A,1400,A,1430,A,1360,A,0.1,A,12.7,A,13.6,A,13.1,A,8.6,A,8.5,A,11.5,P,13,P,8.6,A,28.8,P
USGS,9163500,2021-12-21,1900,P,0.2,A,0,A,1430,A,1440,A,1420,A,0,A,12.6,A,13.4,A,13,A,8.6,A,8.5,A,10.7,P,14.5,P,8.6,A,21.9,P
USGS,9163500,2021-12-22,2020,P,0.1,A,0,A,1440,A,1460,A,1420,A,0,A,12.6,A,13.2,A,13,A,8.5,A,8.5,A,10.6,P,16.3,P,8.6,A,33.4,P
USGS,9163500,2021-12-23,2120,P,0.2,A,0,A,1500,A,1510,A,1460,A,0,A,12.5,A,13,A,12.7,A,8.5,A,8.5,A,9.4,P,13.3,P,8.6,A,50.8,P
USGS,9163500,2021-12-24,2460,P,0.8,A,0.1,A,1490,A,1530,A,1460,A,0.4,A,11.9,A,12.5,A,12.2,A,8.5,A,8.4,A,12.1,P,61.7,P,8.5,A,105,P
USGS,9163500,2021-12-25,3210,P,1.4,A,0.5,A,1380,A,1520,A,1270,A,1,A,11.7,A,11.9,A,11.8,A,8.3,A,8.3,A,73.8,P,219,P,8.4,A,1460,P
USGS,9163500,2021-12-26,2960,P,1.8,A,1.2,A,1240,A,1270,A,1220,A,1.5,A,11.5,A,11.7,A,11.6,A,8.3,A,8.3,A,517,P,1500,P,8.4,A,1900,P
USGS,9163500,2021-12-27,2610,P,2.2,A,1.2,A,1260,A,1280,A,1240,A,1.7,A,11.3,A,11.7,A,11.5,A,8.3,A,8.3,A,451,P,502,P,8.3,A,654,P
USGS,9163500,2021-12-28,2440,P,2.3,A,1.6,A,1240,A,1260,A,1230,A,2,A,11.3,A,11.6,A,11.4,A,8.4,A,8.3,A,98.3,P,289,P,8.4,A,539,P
USGS,9163500,2021-12-29,2420,P,2.1,A,1.4,A,1290,A,1300,A,1260,A,1.7,A,11.6,A,11.8,A,11.7,A,8.4,A,8.4,A,56.6,P,76.4,P,8.5,A,105,P
USGS,9163500,2021-12-30,2350,P,1.7,A,1.1,A,1310,A,1320,A,1300,A,1.4,A,11.8,A,12.4,A,12.1,A,8.5,A,8.4,A,45.3,P,51.1,P,8.5,A,76.6,P
USGS,9163500,2021-12-31,2450,P,1.4,A,0.6,A,1320,A,1330,A,1290,A,1.1,A,11.7,A,12.1,A,11.9,A,8.5,A,8.4,A,45.1,P,48.6,P,8.5,A,64.2,P
USGS,9163500,2022-01-01,2510,P,1.3,A,0.4,A,1330,A,1360,A,1300,A,0.8,A,11.8,A,12.4,A,12.1,A,8.5,A,8.4,A,45.7,P,51.3,P,8.5,A,64.4,P
USGS,9163500,2022-01-02,2260,P:e,0.4,A,0,A,1320,A,1340,A,1310,A,0,A,12.4,A,13.3,A,12.8,A,8.5,A,8.4,A,39.5,P,46.6,P,8.5,A,52.9,P
USGS,9163500,2022-01-03,1640,P:e,0,A,0,A,1380,A,1410,A,1340,A,0,A,12.4,A,13,A,12.7,A,8.4,A,8.3,A,37.2,P,43.5,P,8.5,A,57.4,P
USGS,9163500,2022-01-04,1470,P:e,0,A,0,A,1440,A,1460,A,1410,A,0,A,11.9,A,12.8,A,12.4,A,8.4,A,8.3,A,37.1,P,47.1,P,8.4,A,57.2,P
USGS,9163500,2022-01-05,1480,P:e,0,A,0,A,1440,A,1460,A,1400,A,0,A,12.3,A,13,A,12.6,A,8.4,A,8.3,A,39.2,P,44.5,P,8.5,A,73.8,P
USGS,9163500,2022-01-06,1880,P:e,0,A,0,A,1440,A,1490,A,1400,A,0,A,12.2,A,12.9,A,12.3,A,8.3,A,8.3,A,39.8,P,59.5,P,8.5,A,184,P
USGS,9163500,2022-01-07,2300,P:e,0,A,0,A,1490,A,1560,A,1420,A,0,A,12,A,12.2,A,12.1,A,8.3,A,8.3,A,65.9,P,80.3,P,8.3,A,107,P
USGS,9163500,2022-01-08,2460,P:e,0.1,A,0,A,1310,A,1430,A,1230,A,0,A,12,A,12.1,A,12.1,A,8.3,A,8.2,A,66.9,P,154,P,8.3,A,339,P
USGS,9163500,2022-01-09,2450,P:e,0.1,A,0,A,1210,A,1240,A,1200,A,0,A,12.1,A,12.4,A,12.3,A,8.3,A,8.2,A,179,P,250,P,8.3,A,1700,P
USGS,9163500,2022-01-10,2400,P:e,0.1,A,0,A,1200,A,1240,A,1190,A,0,A,12.3,A,12.6,A,12.5,A,8.3,A,8.3,A,72.8,P,123,P,8.3,A,2700,P
USGS,9163500,2022-01-11,2270,P:e,0.1,A,0,A,1230,A,1270,A,1210,A,0,A,12.4,A,12.6,A,12.6,A,8.3,A,8.3,A,50.8,P,66.1,P,8.4,A,277,P
USGS,9163500,2022-01-12,2090,P:e,0.1,A,0,A,1270,A,1300,A,1260,A,0,A,12.5,A,12.7,A,12.6,A,8.4,A,8.3,A,42.7,P,54,P,8.4,A,75.6,P
USGS,9163500,2022-01-13,2080,P:e,0.3,A,0,A,1300,A,1310,A,1290,A,0.1,A,12.4,A,12.8,A,12.6,A,8.4,A,8.4,A,36.3,P,45.9,P,8.4,A,89.7,P
USGS,9163500,2022-01-14,2260,P:e,0.6,A,0,A,1340,A,1430,A,1290,A,0.3,A,12.3,A,12.6,A,12.5,A,8.4,A,8.4,A,36,P,44.9,P,8.6,A,84.4,P
USGS,9163500,2022-01-15,2360,P,0.8,A,0,A,1370,A,1430,A,1320,A,0.4,A,12.3,A,12.7,A,12.5,A,8.4,A,8.4,A,32,P,35.9,P,8.6,A,48.3,P
USGS,9163500,2022-01-16,2440,P,1.1,A,0,A,1330,A,1350,A,1300,A,0.5,A,12.3,A,12.7,A,12.4,A,8.5,A,8.4,A,34.9,P,38.4,P,8.6,A,53.3,P
USGS,9163500,2022-01-17,2320,P,1.1,A,0.1,A,1300,A,1320,A,1280,A,0.6,A,12.2,A,12.8,A,12.5,A,8.5,A,8.5,A,31.1,P,34.9,P,8.6,A,39.7,P
USGS,9163500,2022-01-18,2250,P,1.1,A,0.2,A,1270,A,1290,A,1250,A,0.6,A,12.2,A,12.9,A,12.5,A,8.5,A,8.5,A,21.3,P,30.8,P,8.6,A,35.2,P
USGS,9163500,2022-01-19,2220,P,1.4,A,0.1,A,1280,A,1300,A,1260,A,0.7,A,12.3,A,13.1,A,12.7,A,8.6,A,8.5,A,15.1,P,17.6,P,8.6,A,24,P
USGS,9163500,2022-01-20,2330,P,1.6,A,0.3,A,1300,A,1310,A,1280,A,0.9,A,12.3,A,13.1,A,12.6,A,8.6,A,8.5,A,14.9,P,16.9,P,8.6,A,21.4,P
USGS,9163500,2022-01-21,2320,P,1.8,A,1,A,1300,A,1320,A,1280,A,1.3,A,12,A,12.9,A,12.4,A,8.5,A,8.5,A,14.3,P,17.2,P,8.6,A,21.7,P
USGS,9163500,2022-01-22,2270,P,2.4,A,1,A,1270,A,1290,A,1250,A,1.6,A,12,A,12.6,A,12.2,A,8.5,A,8.5,A,15.2,P,27.8,P,8.6,A,32.7,P
USGS,9163500,2022-01-23,2290,P,2.2,A,1,A,1270,A,1310,A,1240,A,1.6,A,11.9,A,12.3,A,12.1,A,8.5,A,8.5,A,27.7,P,40.9,P,8.6,A,54,P
USGS,9163500,2022-01-24,2270,P,2.3,A,0.8,A,1280,A,1290,A,1250,A,1.6,A,12,A,13.1,A,12.4,A,8.6,A,8.5,A,12.4,P,21.2,P,8.7,A,32.6,P
USGS,9163500,2022-01-25,2170,P,2.8,A,1.4,A,1290,A,1300,A,1280,A,2,A,11.8,A,13.2,A,12.4,A,8.6,A,8.5,A,9.5,P,12.8,P,8.7,A,17.7,P
USGS,9163500,2022-01-26,2170,P,2.4,A,0.8,A,1270,A,1280,A,1260,A,1.7,A,12,A,13.4,A,12.6,A,8.6,A,8.5,A,9.7,P,10.9,P,8.7,A,14.6,P
USGS,9163500,2022-01-27,2190,P,1.8,A,0.8,A,1300,A,1310,A,1260,A,1.3,A,12,A,13.7,A,12.7,A,8.6,A,8.5,A,8.8,P,12.3,P,8.7,A,25.4,P
USGS,9163500,2022-01-28,2090,P,1.4,A,0,A,1330,A,1340,A,1300,A,0.7,A,12.4,A,14.1,A,13.1,A,8.6,A,8.5,A,7.1,P,9.8,P,8.7,A,12.2,P
USGS,9163500,2022-01-29,1970,P,1.1,A,0,A,1310,A,1320,A,1300,A,0.6,A,12.6,A,14.2,A,13.3,A,8.7,A,8.6,A,7.1,P,7.7,P,8.7,A,10.7,P
USGS,9163500,2022-01-30,1920,P,1,A,0,A,1330,A,1350,A,1320,A,0.4,A,12.6,A,14.2,A,13.3,A,8.6,A,8.6,A,6.7,P,7.4,P,8.7,A,10.7,P
USGS,9163500,2022-01-31,1910,P,0.9,A,0,A,1370,A,1390,A,1340,A,0.3,A,12.6,A,14.2,A,13.3,A,8.6,A,8.6,A,5.2,P,6.6,P,8.7,A,9.8,P
USGS,9163500,2022-02-01,1920,P,1.1,P,0,P,1390,P,1410,P,1360,P,0.5,P,12.4,P,14.2,P,13.3,P,8.6,P,8.5,P,5.1,P,6.1,P,8.7,P,23,P
USGS,9163500,2022-02-02,1910,P,0.5,P,0,P,1440,P,1470,P,1400,P,0.1,P,12.5,P,14.1,P,13.3,P,8.6,P,8.5,P,4,P,6,P,8.7,P,8.7,P
USGS,9163500,2022-02-03,1990,P,0.1,P,0,P,1460,P,1490,P,1430,P,0,P,12.6,P,13.8,P,13.2,P,8.6,P,8.4,P,4.1,P,10.8,P,8.7,P,68.7,P
USGS,9163500,2022-02-04,1880,P,0,P,0,P,1480,P,1510,P,1450,P,0,P,12.4,P,13.9,P,13.2,P,8.6,P,8.5,P,5.5,P,12.8,P,8.7,P,46.3,P
USGS,9163500,2022-02-05,1820,P,0.1,P,0,P,1450,P,1500,P,1390,P,0,P,12.6,P,14.2,P,13.4,P,8.6,P,8.5,P,5.1,P,9.5,P,8.7,P,13.8,P
USGS,9163500,2022-02-06,1890,P,0.3,P,0,P,1390,P,1430,P,1350,P,0.1,P,12.6,P,14.2,P,13.4,P,8.6,P,8.5,P,6.3,P,9.9,P,8.7,P,19.6,P
USGS,9163500,2022-02-07,2030,P,0.7,P,0,P,1380,P,1410,P,1340,P,0.2,P,12.5,P,14.2,P,13.3,P,8.6,P,8.4,P,8.2,P,10.5,P,8.7,P,16,P
USGS,9163500,2022-02-08,2160,P,1.3,P,0,P,1380,P,1410,P,1360,P,0.5,P,12.5,P,14.2,P,13.2,P,8.6,P,8.5,P,7.8,P,9.2,P,8.7,P,12.7,P
USGS,9163500,2022-02-09,2150,P,2.1,P,0.3,P,1360,P,1390,P,1320,P,1.1,P,12.3,P,14.2,P,13.1,P,8.6,P,8.5,P,7,P,9.3,P,8.7,P,12.2,P
USGS,9163500,2022-02-10,2140,P,2.6,P,0.8,P,1290,P,1330,P,1260,P,1.7,P,12.1,P,14.4,P,13,P,8.6,P,8.5,P,5.9,P,7.5,P,8.8,P,10.7,P
USGS,9163500,2022-02-11,2160,P,3.3,P,1.2,P,1280,P,1300,P,1260,P,2.2,P,11.9,P,14.3,P,12.9,P,8.6,P,8.5,P,6.3,P,7.7,P,8.8,P,16.1,P
USGS,9163500,2022-02-12,2210,P,3.6,P,1.7,P,1270,P,1290,P,1240,P,2.6,P,11.7,P,14.4,P,12.8,P,8.6,P,8.5,P,6.6,P,7.9,P,8.8,P,11.4,P
USGS,9163500,2022-02-13,2160,P,4,P,1.9,P,1260,P,1290,P,1240,P,2.9,P,11.6,P,14.5,P,12.8,P,8.6,P,8.5,P,6.3,P,7.9,P,8.9,P,10.4,P
USGS,9163500,2022-02-14,2110,P,4.1,P,2.3,P,1260,P,1290,P,1240,P,3.2,P,10.9,P,12.4,P,11.4,P,8.5,P,8.4,P,8.4,P,36.4,P,8.7,P,77.3,P
USGS,9163500,2022-02-15,2050,P,4.7,P,2.8,P,1280,P,1310,P,1240,P,3.8,P,10.8,P,12.9,P,11.6,P,8.5,P,8.4,P,9.4,P,20.4,P,8.8,P,40.3,P
USGS,9163500,2022-02-16,2060,P,4.2,P,3.3,P,1280,P,1310,P,1270,P,3.7,P,10.6,P,12.7,P,11.5,P,8.6,P,8.4,P,8.7,P,14.9,P,8.8,P,27,P
USGS,9163500,2022-02-17,2070,P,4.6,P,2.6,P,1300,P,1320,P,1270,P,3.6,P,10.9,P,13.4,P,12,P,8.6,P,8.5,P,13.5,P,17.5,P,8.8,P,24.3,P
USGS,9163500,2022-02-18,2060,P,4.8,P,2.7,P,1300,P,1320,P,1280,P,3.8,P,11.1,P,13.7,P,12.3,P,8.6,P,8.5,P,10.7,P,18,P,8.8,P,26.6,P
USGS,9163500,2022-02-19,1990,P,5.1,P,2.8,P,1300,P,1320,P,1280,P,4,P,11.2,P,14.2,P,12.5,P,8.7,P,8.6,P,8,P,12,P,8.9,P,16.6,P
USGS,9163500,2022-02-20,1980,P,5.8,P,3.3,P,1300,P,1310,P,1280,P,4.6,P,11,P,14.2,P,12.4,P,8.8,P,8.6,P,7.1,P,9,P,8.9,P,14.6,P
USGS,9163500,2022-02-21,2050,P,5.3,P,4.4,P,1300,P,1320,P,1280,P,4.7,P,10.5,P,12,P,11.1,P,8.7,P,8.6,P,8.4,P,10.6,P,8.8,P,21,P
USGS,9163500,2022-02-22,2100,P,5.2,P,4.1,P,1310,P,1320,P,1310,P,4.6,P,10.4,P,11.1,P,10.7,P,8.6,P,8.5,P,17,P,33.2,P,8.7,P,81.6,P
USGS,9163500,2022-02-23,2110,P,4.1,P,2.9,P,1300,P,1310,P,1290,P,3.5,P,10.6,P,12.3,P,11.4,P,8.5,P,8.5,P,22.5,P,32.9,P,8.7,P,77.7,P
USGS,9163500,2022-02-24,2120,P,3.9,P,2,P,1300,P,1300,P,1280,P,3,P,11.3,P,13.7,P,12.4,P,8.7,P,8.6,P,14.3,P,19.4,P,8.9,P,26.5,P
USGS,9163500,2022-02-25,2080,P,4.2,P,2.3,P,1280,P,1290,P,1270,P,3.3,P,11.5,P,13.9,P,12.6,P,8.8,P,8.7,P,11.2,P,12.9,P,8.9,P,18.6,P
USGS,9163500,2022-02-26,2040,P,3.7,P,1.7,P,1280,P,1290,P,1270,P,2.8,P,11.7,P,13.9,P,12.7,P,8.8,P,8.6,P,10.8,P,12.1,P,8.9,P,19.9,P
USGS,9163500,2022-02-27,2000,P,4.2,P,1.8,P,1290,P,1300,P,1280,P,3,P,11.8,P,13.6,P,12.7,P,8.7,P,8.6,P,11.5,P,14.9,P,8.9,P,30,P
USGS,9163500,2022-02-28,1970,P,5.2,P,2.6,P,1300,P,1310,P,1290,P,3.8,P,11.5,P,12.3,P,12,P,8.7,P,8.5,P,13.4,P,23.4,P,8.8,P,43.9,P
USGS,9163500,2022-03-01,1970,P,6.4,P,3.6,P,1310,P,1310,P,1300,P,5,P,11.1,P,12.7,P,11.9,P,8.7,P,8.6,P,16.4,P,20.6,P,8.8,P,26.2,P
USGS,9163500,2022-03-02,2080,P,7.7,P,4.9,P,1300,P,1310,P,1300,P,6.2,P,10,P,11.9,P,11,P,8.6,P,8.5,P,18.9,P,32.9,P,8.8,P,106,P
USGS,9163500,2022-03-03,2290,P,8.1,P,5.9,P,1300,P,1320,P,1280,P,7,P,9.6,P,10.1,P,9.8,P,8.4,P,8.4,P,73.7,P,186,P,8.5,P,293,P
USGS,9163500,2022-03-04,2340,P,7.7,P,6.6,P,1280,P,1310,P,1260,P,7.2,P,9.5,P,9.7,P,9.6,P,8.4,P,8.4,P,172,P,398,P,8.4,P,665,P
USGS,9163500,2022-03-05,2400,P,7.9,P,6.7,P,1220,P,1270,P,1170,P,7.3,P,9.5,P,9.7,P,9.6,P,8.4,P,8.4,P,208,P,343,P,8.4,P,482,P
USGS,9163500,2022-03-06,2590,P,7.1,P,6,P,1210,P,1240,P,1180,P,6.6,P,9.7,P,9.9,P,9.9,P,8.4,P,8.4,P,197,P,341,P,8.4,P,606,P
USGS,9163500,2022-03-07,2470,P,6.5,P,5.3,P,1190,P,1220,P,1170,P,6,P,9.9,P,10.4,P,10.2,P,8.4,P,8.4,P,274,P,405,P,8.4,P,542,P
USGS,9163500,2022-03-08,2260,P,6.2,P,4.4,P,1220,P,1250,P,1200,P,5.3,P,10.4,P,10.8,P,10.6,P,8.4,P,8.4,P,106,P,245,P,8.5,P,288,P
USGS,9163500,2022-03-09,2160,P,6.3,P,4.7,P,1230,P,1250,P,1220,P,5.5,P,10.4,P,10.7,P,10.6,P,8.5,P,8.4,P,81.1,P,132,P,8.5,P,221,P
USGS,9163500,2022-03-10,2120,P,5.8,P,4.5,P,1280,P,1300,P,1250,P,5.1,P,10.4,P,11.1,P,10.8,P,8.5,P,8.5,P,69.9,P,81.4,P,8.6,P,107,P
USGS,9163500,2022-03-11,2180,P,5.2,P,3,P,1280,P,1300,P,1270,P,4.2,P,10.9,P,12.2,P,11.6,P,8.6,P,8.6,P,30,P,41.6,P,8.7,P,70.8,P
USGS,9163500,2022-03-12,2080,P,6,P,3.2,P,1280,P,1290,P,1280,P,4.6,P,11.4,P,12.6,P,11.9,P,8.6,P,8.6,P,17.5,P,21.6,P,8.8,P,40.5,P
USGS,9163500,2022-03-13,1980,P,6.5,P,4.2,P,1270,P,1300,P,1250,P,5.4,P,11,P,12.3,P,11.6,P,8.7,P,8.6,P,18.1,P,21,P,8.8,P,35.9,P
USGS,9163500,2022-03-14,2160,P,8.5,P,5.5,P,1260,P,1270,P,1240,P,6.9,P,10.5,P,12.4,P,11.3,P,8.7,P,8.6,P,17.3,P,21.2,P,8.8,P,41.6,P
USGS,9163500,2022-03-15,2230,P,9.2,P,6.4,P,1300,P,1340,P,1270,P,7.7,P,9.8,P,10.8,P,10.3,P,8.5,P,8.5,P,27.8,P,68.8,P,8.7,P,96.2,P
USGS,9163500,2022-03-16,2300,P,8.9,P,7.8,P,1260,P,1320,P,1230,P,8.3,P,9.4,P,9.8,P,9.6,P,8.5,P,8.4,P,58.2,P,148,P,8.6,P,197,P
USGS,9163500,2022-03-17,2350,P,10,P,7.7,P,1220,P,1240,P,1200,P,8.7,P,9.5,P,9.7,P,9.5,P,8.5,P,8.4,P,94.1,P,214,P,8.5,P,264,P
USGS,9163500,2022-03-18,2400,P,9.5,P,7.1,P,1170,P,1200,P,1140,P,8.3,P,9.5,P,9.9,P,9.7,P,8.4,P,8.4,P,126,P,215,P,8.5,P,339,P
USGS,9163500,2022-03-19,2480,P,9.6,P,7.2,P,1210,P,1270,P,1150,P,8.4,P,9.6,P,10.1,P,9.8,P,8.4,P,8.4,P,105,P,153,P,8.5,P,185,P
USGS,9163500,2022-03-20,2320,P,9.3,P,7.8,P,1180,P,1190,P,1160,P,8.6,P,9.6,P,10,P,9.7,P,8.5,P,8.5,P,71.5,P,97.4,P,8.5,P,597,P
USGS,9163500,2022-03-21,2390,P,10,P,7.5,P,1150,P,1180,P,1140,P,8.8,P,9.5,P,10.1,P,9.8,P,8.5,P,8.5,P,65.1,P,104,P,8.6,P,142,P
USGS,9163500,2022-03-22,2410,P,9.5,P,7.8,P,1170,P,1190,P,1140,P,8.7,P,9.6,P,10.2,P,9.8,P,8.5,P,8.5,P,5.6,P,106,P,8.6,P,156,P
USGS,9163500,2022-03-23,2490,P,9.6,P,6.7,P,1160,P,1170,P,1130,P,8.2,P,9.8,P,10.5,P,10.1,P,8.4,P,8.4,P,66.4,P,84.6,P,8.5,P,117,P
USGS,9163500,2022-03-24,2390,P,10.9,P,7.3,P,1130,P,1140,P,1090,P,9,P,9.4,P,10.6,P,10.1,P,8.5,P,8.4,P,41.1,P,49.7,P,8.5,P,108,P
USGS,9163500,2022-03-25,2540,P,12,P,8.7,P,1110,P,1150,P,1080,P,10.3,P,9.2,P,9.8,P,9.5,P,8.4,P,8.4,P,55.5,P,76.8,P,8.5,P,167,P
USGS,9163500,2022-03-26,2630,P,13.1,P,10,P,1090,P,1100,P,1080,P,11.5,P,8.8,P,9.3,P,9.1,P,8.4,P,8.3,P,68.3,P,125,P,8.5,P,188,P
USGS,9163500,2022-03-27,2780,P,14.1,P,11.2,P,1100,P,1110,P,1090,P,12.6,P,8.5,P,8.9,P,8.7,P,8.3,P,8.3,P,89.5,P,157,P,8.4,P,184,P
USGS,9163500,2022-03-28,3070,P,13.8,P,11.5,P,1060,P,1090,P,1050,P,12.7,P,8.4,P,8.6,P,8.5,P,8.3,P,8.3,P,112,P,165,P,8.4,P,198,P
USGS,9163500,2022-03-29,3560,P,12.8,P,11.9,P,1020,P,1050,P,992,P,12.3,P,8.4,P,8.5,P,8.4,P,8.3,P,8.2,P,130,P,167,P,8.3,P,481,P
USGS,9163500,2022-03-30,3980,P,12.4,P,10.9,P,948,P,1000,P,907,P,11.6,P,8.4,P,8.6,P,8.5,P,8.2,P,8.2,P,307,P,387,P,8.2,P,523,P
USGS,9163500,2022-03-31,3950,P,12.2,P,10.4,P,887,P,907,P,869,P,11.3,P,8.6,P,8.9,P,8.7,P,8.2,P,8.2,P,203,P,241,P,8.2,P,334,P
USGS,9163500,2022-04-01,3610,P,12.4,P,10.1,P,885,P,902,P,864,P,11.2,P,8.8,P,9,P,8.9,P,8.2,P,8.2,P,146,P,181,P,8.3,P,204,P
USGS,9163500,2022-04-02,3470,P,12.9,P,10.6,P,890,P,903,P,882,P,11.7,P,8.8,P,9,P,8.9,P,8.3,P,8.3,P,117,P,142,P,8.3,P,158,P
USGS,9163500,2022-04-03,3380,P,13.4,P,11.6,P,897,P,902,P,886,P,12.4,P,8.6,P,8.8,P,8.7,P,8.3,P,8.3,P,107,P,115,P,8.3,P,121,P
USGS,9163500,2022-04-04,3380,P,13.1,P,11.5,P,897,P,914,P,870,P,12.3,P,8.6,P,8.8,P,8.7,P,8.3,P,8.3,P,103,P,132,P,8.3,P,155,P
USGS,9163500,2022-04-05,3400,P,13,P,11.2,P,902,P,955,P,870,P,12.1,P,8.5,P,8.8,P,8.6,P,8.3,P,8.3,P,125,P,179,P,8.3,P,248,P
USGS,9163500,2022-04-06,3420,P,12.4,P,10.1,P,880,P,909,P,854,P,11.2,P,8.8,P,9.1,P,9,P,8.3,P,8.3,P,147,P,171,P,8.3,P,274,P
USGS,9163500,2022-04-07,3540,P,12.3,P,9.9,P,876,P,918,P,843,P,11,P,9.1,P,9.3,P,9.2,P,8.3,P,8.3,P,137,P,149,P,8.3,P,162,P
USGS,9163500,2022-04-08,3240,P,12.8,P,9.9,P,855,P,874,P,839,P,11.3,P,8.9,P,9.3,P,9.1,P,8.3,P,8.3,P,145,P,150,P,8.3,P,168,P
USGS,9163500,2022-04-09,3180,P,13.1,P,10.7,P,853,P,856,P,846,P,11.8,P,8.7,P,9,P,8.9,P,8.3,P,8.3,P,147,P,159,P,8.3,P,167,P
USGS,9163500,2022-04-10,3200,P,12,P,10.6,P,865,P,876,P,847,P,11.3,P,8.7,P,9.1,P,8.9,P,8.3,P,8.3,P,134,P,140,P,8.3,P,155,P
USGS,9163500,2022-04-11,3400,P,12.1,P,9.7,P,841,P,849,P,830,P,10.9,P,8.8,P,9.1,P,9,P,8.3,P,8.3,P,113,P,136,P,8.3,P,166,P
USGS,9163500,2022-04-12,3520,P,11.2,P,9,P,832,P,843,P,822,P,10.1,P,8.8,P,9.3,P,9,P,8.3,P,8.3,P,155,P,161,P,8.3,P,184,P
USGS,9163500,2022-04-13,3750,P,9.3,P,8.1,P,822,P,835,P,795,P,8.7,P,9.3,P,9.6,P,9.5,P,8.3,P,8.3,P,123,P,143,P,8.3,P,184,P
USGS,9163500,2022-04-14,3710,P,9.3,P,7.4,P,805,P,815,P,788,P,8.4,P,9.6,P,9.8,P,9.7,P,8.3,P,8.3,P,127,P,147,P,8.3,P,208,P
USGS,9163500,2022-04-15,3500,P,11,P,8.1,P,809,P,824,P,791,P,9.5,P,9.3,P,9.6,P,9.5,P,8.3,P,8.3,P,92.3,P,100,P,8.3,P,130,P
USGS,9163500,2022-04-16,3070,P,11.6,P,9.9,P,805,P,816,P,800,P,10.8,P,9,P,9.3,P,9.2,P,8.3,P,8.3,P,82.7,P,87.7,P,8.3,P,96.6,P
USGS,9163500,2022-04-17,2840,P,13.4,P,10.5,P,840,P,856,P,816,P,11.9,P,8.7,P,9.1,P,9,P,8.3,P,8.3,P,82.3,P,88.2,P,8.4,P,103,P
USGS,9163500,2022-04-18,2930,P,14.7,P,11.8,P,860,P,877,P,850,P,13.2,P,8.4,P,8.9,P,8.7,P,8.3,P,8.2,P,81.3,P,90.3,P,8.4,P,111,P
USGS,9163500,2022-04-19,3370,P,14.9,P,12.6,P,840,P,856,P,818,P,13.7,P,8.2,P,8.6,P,8.4,P,8.2,P,8.2,P,105,P,115,P,8.2,P,130,P
USGS,9163500,2022-04-20,4300,P,14.8,P,12.9,P,765,P,818,P,723,P,13.9,P,7.9,P,8.3,P,8.2,P,8.1,P,8,P,130,P,212,P,8.2,P,378,P
USGS,9163500,2022-04-21,5150,P,14.7,P,12.9,P,672,P,729,P,643,P,13.9,P,7.8,P,8.1,P,8,P,8,P,7.9,P,345,P:[4],359,P:[4],8,P,381,P:[4]
USGS,9163500,2022-04-22,5970,P,14.3,P,12,P,622,P,670,P,598,P,12.8,P,7.6,P,8.3,P,8,P,7.9,P,7.9,P,,,,,8,P,,
USGS,9163500,2022-04-23,7320,P,12.1,P,10.7,P,577,P,609,P,557,P,11.5,P,7.7,P,8.4,P,8.1,P,7.9,P,7.8,P,,,,,7.9,P,,
USGS,9163500,2022-04-24,6990,P,11.7,P,10,P,577,P,583,P,568,P,10.9,P,8.4,P,9,P,8.8,P,8,P,7.9,P,,,,,8,P,,
USGS,9163500,2022-04-25,6020,P,12.4,P,10.2,P,588,P,604,P,574,P,11.3,P,8.8,P,9,P,8.9,P,8,P,8,P,,,,,8.1,P,,
USGS,9163500,2022-04-26,5220,P,13.2,P,11.2,P,621,P,648,P,603,P,12.2,P,8.6,P,8.8,P,8.7,P,8.1,P,8,P,118,P:[4],132,P:[4],8.1,P,145,P:[4]
USGS,9163500,2022-04-27,4510,P,14.3,P,12.3,P,668,P,684,P,648,P,13.3,P,8.3,P,8.6,P,8.5,P,8.1,P,8.1,P,107,P,115,P,8.1,P,122,P
USGS,9163500,2022-04-28,4430,P,14.5,P,12.6,P,684,P,707,P,671,P,13.7,P,8.3,P,8.6,P,8.4,P,8.1,P,8.1,P,98.2,P,102,P,8.1,P,109,P
USGS,9163500,2022-04-29,4720,P,14.3,P,12.6,P,678,P,701,P,665,P,13.5,P,8.3,P,8.5,P,8.4,P,8.1,P,8.1,P,101,P,111,P,8.1,P,122,P
USGS,9163500,2022-04-30,5300,P,14,P,12,P,651,P,675,P,636,P,13,P,8.5,P,8.7,P,8.6,P,8.1,P,8.1,P,119,P,124,P,8.1,P,131,P
USGS,9163500,2022-05-01,5430,P,13.5,P,12.4,P,644,P,655,P,633,P,13,P,8.4,P,8.6,P,8.5,P,8.1,P,8.1,P,115,P,125,P,8.1,P,145,P
USGS,9163500,2022-05-02,5850,P,14.7,P,12.1,P,623,P,650,P,612,P,13.4,P,8.3,P,8.6,P,8.5,P,8.1,P,8.1,P,114,P,129,P,8.1,P,145,P
USGS,9163500,2022-05-03,5940,P,14.3,P,13,P,619,P,627,P,604,P,13.4,P,8.2,P,8.5,P,8.4,P,8.1,P,8.1,P,117,P,135,P,8.1,P,144,P
USGS,9163500,2022-05-04,5860,P,13.7,P,11.9,P,624,P,627,P,618,P,12.9,P,8.4,P,8.7,P,8.6,P,8.1,P,8.1,P,101,P,113,P,8.1,P,131,P
USGS,9163500,2022-05-05,5540,P,14.4,P,12.1,P,643,P,658,P,623,P,13.3,P,8.5,P,8.7,P,8.6,P,8.1,P,8.1,P,96.7,P,111,P,8.1,P,122,P
USGS,9163500,2022-05-06,4810,P,16,P,13.4,P,678,P,698,P,655,P,14.7,P,8.1,P,8.5,P,8.3,P,8.1,P,8.1,P,88.8,P,96.3,P,8.1,P,110,P
USGS,9163500,2022-05-07,5090,P,16.9,P,15.2,P,709,P,722,P,698,P,16,P,7.8,P,8.1,P,7.9,P,8.1,P,8.1,P,82,P,87.7,P,8.2,P,98.9,P
USGS,9163500,2022-05-08,6850,P,16.4,P,15,P,660,P,716,P,611,P,15.8,P,7.5,P,7.9,P,7.7,P,8.1,P,8,P,98.7,P,158,P,8.2,P,336,P
USGS,9163500,2022-05-09,8800,P,15,P,13.3,P,571,P,611,P,519,P,14.1,P,7.3,P,8,P,7.6,P,7.9,P,7.9,P,336,P,388,P,8,P,494,P
USGS,9163500,2022-05-10,9640,P,14.1,P,12.5,P,499,P,519,P,472,P,13,P,7.4,P,8.2,P,8,P,7.9,P,7.8,P,359,P,400,P,7.9,P,502,P
USGS,9163500,2022-05-11,9640,P,13.5,P,12.1,P,475,P,482,P,467,P,12.9,P,8.1,P,8.4,P,8.2,P,7.9,P,7.9,P,307,P,336,P,8,P,366,P
USGS,9163500,2022-05-12,10500,P,13.3,P,11.7,P,,,,,,,12.7,P,8.1,P,8.5,P,8.3,P,7.9,P,7.8,P,306,P:[4],328,P:[4],8,P,361,P:[4]
USGS,9163500,2022-05-13,11300,P,13.7,P,12,P,,,,,,,13,P,8.2,P,8.3,P,8.2,P,7.8,P,7.7,P,,,,,7.8,P,,
USGS,9163500,2022-05-14,10300,P,14.1,P,12.2,P,,,,,,,13.3,P,8.3,P,8.6,P,8.4,P,7.8,P,7.7,P,,,,,7.9,P,,
USGS,9163500,2022-05-15,10500,P,15.4,P,13,P,,,,,,,14.2,P,8.1,P,8.4,P,8.3,P,7.9,P,7.7,P,,,,,7.9,P,,
USGS,9163500,2022-05-16,12400,P,15,P,13.9,P,,,,,,,14.6,P,7.8,P,8.1,P,8,P,7.9,P,7.7,P,,,,,7.9,P,,
USGS,9163500,2022-05-17,14000,P,14.7,P,13.3,P,,,,,,,14.1,P,7.8,P:[4],8.1,P:[4],8,P:[4],7.7,P,7.6,P,,,,,7.8,P,,
USGS,9163500,2022-05-18,14200,P,15.3,P,13.6,P,383,P:[4],388,P:[4],378,P:[4],14.5,P,8,P,8.2,P,8.1,P,7.9,P,7.8,P,201,P:[4],217,P:[4],7.9,P,270,P:[4]
USGS,9163500,2022-05-19,15200,P,14.9,P,14,P,377,P,385,P,370,P,14.4,P,7.9,P,8,P,8,P,7.9,P,7.8,P,198,P,224,P,7.9,P,367,P
USGS,9163500,2022-05-20,15800,P,14.4,P,11.5,P,367,P,371,P,362,P,12.8,P,7.9,P,8.7,P,8.3,P,7.9,P,7.8,P,189,P,233,P,7.9,P,752,P
USGS,9163500,2022-05-21,15500,P,11.5,P,10.4,P,367,P,375,P,361,P,11.1,P,8.7,P,9.1,P,9,P,8,P,7.9,P,133,P,170,P,8,P,583,P
USGS,9163500,2022-05-22,12600,P,12.3,P,10,P,406,P,436,P,375,P,11.2,P,8.8,P,9.2,P,9.1,P,8,P,7.9,P,90.4,P,104,P,8,P,160,P
USGS,9163500,2022-05-23,9930,P,13.3,P,11.4,P,466,P,497,P,436,P,12.4,P,8.6,P,8.9,P,8.7,P,8,P,8,P,75.6,P,85.4,P,8.1,P,101,P
USGS,9163500,2022-05-24,7970,P,14.4,P,12.2,P,532,P,563,P,497,P,13.3,P,8.3,P,8.7,P,8.6,P,8.1,P,8,P,61.3,P,71.6,P,8.1,P,96,P
USGS,9163500,2022-05-25,6880,P,15.5,P,13.2,P,594,P,624,P,563,P,14.4,P,8.2,P,8.6,P,8.4,P,8.1,P,8.1,P,50.9,P,59,P,8.1,P,88.2,P
USGS,9163500,2022-05-26,6310,P,17.3,P,14.6,P,649,P,662,P,624,P,15.9,P,7.9,P,8.3,P,8.1,P,8.1,P,8.1,P,42.8,P,49.8,P,8.1,P,61.9,P
USGS,9163500,2022-05-27,6360,P,17.8,P,16.3,P,678,P,688,P,662,P,17.1,P,7.7,P,8,P,7.9,P,8.1,P,8.1,P,41.8,P,45.6,P,8.2,P,53.2,P
USGS,9163500,2022-05-28,7560,P,17.6,P,16.5,P,658,P,678,P,621,P,17.1,P,7.7,P,7.8,P,7.8,P,8.1,P,8.1,P,45.1,P,63,P,8.2,P,89.1,P
USGS,9163500,2022-05-29,9320,P,16.7,P,13.7,P,569,P,621,P,524,P,15,P,7.8,P,8.2,P,8,P,8.1,P,8,P,63,P,76.6,P,8.1,P,100,P
USGS,9163500,2022-05-30,9750,P,14.2,P,12.6,P,516,P,524,P,509,P,13.5,P,8.2,P,8.6,P,8.5,P,8.1,P,8,P,54.6,P,72.8,P,8.1,P,206,P
USGS,9163500,2022-05-31,9170,P,15.1,P,12.8,P,528,P,543,P,510,P,14,P,8.3,P,8.6,P,8.5,P,8.1,P,8.1,P,51.2,P,64.4,P,8.1,P,78.9,P
USGS,9163500,2022-06-01,7820,P,16.4,P,13.7,P,564,P,588,P,541,P,15,P,8.1,P,8.5,P,8.3,P,8.1,P,8.1,P,44.2,P,50.4,P,8.2,P,60.3,P
USGS,9163500,2022-06-02,6870,P,17.6,P,15,P,619,P,644,P,588,P,16.3,P,7.9,P,8.2,P,8.1,P,8.2,P,8.1,P,38,P,42.4,P,8.2,P,49.2,P
USGS,9163500,2022-06-03,6690,P,18.1,P,16.4,P,664,P,676,P,644,P,17.3,P,7.7,P,8,P,7.9,P,8.2,P,8.2,P,36.9,P,39.1,P,8.2,P,45.2,P
USGS,9163500,2022-06-04,7570,P,18.3,P,16.6,P,659,P,675,P,633,P,17.5,P,7.7,P,7.9,P,7.8,P,8.2,P,8.2,P,38.6,P,46.2,P,8.2,P,54,P
USGS,9163500,2022-06-05,8220,P,18.1,P,16.6,P,601,P,633,P,576,P,17.4,P,7.7,P,7.9,P,7.8,P,8.2,P,8.1,P,43.4,P,48.5,P,8.2,P,65.3,P
USGS,9163500,2022-06-06,8940,P,18.2,P,16.5,P,556,P,576,P,542,P,17.6,P,7.7,P,7.9,P,7.8,P,8.2,P,8.1,P,46.5,P,53,P,8.2,P,63.2,P
USGS,9163500,2022-06-07,9440,P,18.5,P,16.5,P,529,P,542,P,519,P,17.7,P,7.7,P,7.9,P,7.8,P,8.1,P,8.1,P,43.1,P,56.9,P,8.2,P,90.6,P
USGS,9163500,2022-06-08,10200,P,18.8,P,16.6,P,502,P,519,P,489,P,17.8,P,7.7,P,7.8,P,7.8,P,8.1,P,8,P,48.6,P,71.2,P,8.1,P,95.5,P
USGS,9163500,2022-06-09,10400,P,18.8,P,16.9,P,480,P,489,P,471,P,17.9,P,7.7,P,7.8,P,7.7,P,8.1,P,8,P,65.2,P,72.6,P,8.1,P,95.5,P
USGS,9163500,2022-06-10,10900,P,19.2,P,17.1,P,466,P,471,P,458,P,18.2,P,7.6,P,7.7,P,7.7,P,8,P,8,P,67.1,P,77.8,P,8.1,P,91.2,P
USGS,9163500,2022-06-11,11100,P,19.5,P,17.6,P,455,P,461,P,446,P,18.6,P,7.5,P,7.6,P,7.6,P,8,P,8,P,68,P,85.6,P,8.1,P,138,P
USGS,9163500,2022-06-12,11600,P,19.7,P,18,P,445,P,455,P,432,P,18.9,P,7.4,P,7.5,P,7.5,P,8,P,8,P,74.7,P,92.2,P,8,P,112,P
USGS,9163500,2022-06-13,11900,P,18.9,P,17.4,P,432,P,437,P,425,P,18.2,P,7.4,P,7.6,P,7.5,P,8,P,8,P,85,P,102,P,8,P,121,P
USGS,9163500,2022-06-14,11200,P,17.9,P,16.8,P,431,P,442,P,419,P,17.3,P,7.6,P,7.8,P,7.7,P,8,P,8,P,75.6,P,88.7,P,8,P,101,P
USGS,9163500,2022-06-15,9840,P,17.8,P,15.9,P,453,P,474,P,435,P,16.9,P,7.8,P,8,P,7.9,P,8.1,P,8,P,49.7,P,63,P,8.1,P,84.6,P
USGS,9163500,2022-06-16,8720,P,18.7,P,16,P,490,P,509,P,473,P,17.4,P,7.7,P,8,P,7.9,P,8.1,P,8.1,P,43.4,P,48.5,P,8.1,P,64.7,P
USGS,9163500,2022-06-17,7900,P,19.1,P,17,P,527,P,542,P,509,P,18.2,P,7.5,P,7.8,P,7.7,P,8.1,P,8.1,P,40.2,P,44.4,P,8.2,P,55,P
USGS,9163500,2022-06-18,7560,P,19.2,P,17.9,P,562,P,573,P,541,P,18.6,P,7.5,P,7.6,P,7.6,P,8.2,P,8.1,P,38.3,P,44.2,P,8.2,P,53.3,P
USGS,9163500,2022-06-19,7690,P,19.6,P,17.5,P,573,P,580,P,568,P,18.6,P,7.5,P,7.7,P,7.6,P,8.1,P,8.1,P,35.4,P,43.3,P,8.2,P,107,P
USGS,9163500,2022-06-20,8270,P,18.7,P,16.9,P,576,P,583,P,569,P,18,P,7.6,P,7.9,P,7.7,P,8.2,P,8.1,P,37.2,P,47.5,P,8.2,P,231,P
USGS,9163500,2022-06-21,7680,P,19.3,P,16.8,P,577,P,586,P,571,P,18.2,P,7.7,P,7.9,P,7.8,P,8.2,P,8.1,P,40.7,P,59.8,P,8.2,P,100,P
USGS,9163500,2022-06-22,6680,P,19.3,P,17.8,P,605,P,629,P,576,P,18.7,P,7.6,P,7.8,P,7.7,P,8.2,P,8.2,P,34.2,P,40.1,P,8.3,P,85.2,P
USGS,9163500,2022-06-23,6060,P,20.4,P,18.6,P,659,P,679,P,629,P,19.4,P,7.5,P,7.8,P,7.6,P,8.2,P,8.2,P,30.3,P,35.6,P,8.3,P,77.9,P
USGS,9163500,2022-06-24,5630,P,20.3,P,18.6,P,710,P,738,P,679,P,19.5,P,7,P,7.6,P,7.4,P,8.2,P,8,P,27.5,P,108,P,8.3,P,1040,P
USGS,9163500,2022-06-25,5580,P,21,P,19.8,P,756,P,773,P,738,P,20.4,P,7.1,P,7.4,P,7.2,P,8.2,P,8.1,P,47,P,96.4,P,8.3,P,478,P
USGS,9163500,2022-06-26,5340,P,21.7,P,20.5,P,793,P,811,P,773,P,21,P,7.1,P,7.4,P,7.3,P,8.2,P,8.2,P,49.4,P,60,P,8.2,P,144,P
USGS,9163500,2022-06-27,5200,P,21.5,P,19.2,P,812,P,824,P,804,P,20.4,P,7.3,P,7.7,P,7.5,P,8.2,P,8.2,P,36.2,P,45,P,8.3,P,59.4,P
USGS,9163500,2022-06-28,5260,P,22.1,P,20.5,P,820,P,832,P,807,P,21.3,P,7.1,P,7.4,P,7.2,P,8.2,P,8.1,P,36.5,P,76.8,P,8.3,P,491,P
USGS,9163500,2022-06-29,4820,P,22.4,P,20.9,P,865,P,891,P,830,P,21.6,P,7.1,P,7.3,P,7.2,P,8.2,P,8.2,P,52.4,P,62.4,P,8.3,P,74.7,P
USGS,9163500,2022-06-30,4630,P,22.4,P,21.3,P,873,P,885,P,860,P,21.8,P,7,P,7.4,P,7.2,P,8.3,P,8.2,P,38.7,P,45.6,P,8.3,P,52.8,P
USGS,9163500,2022-07-01,4620,P,22.7,P,20.5,P,878,P,900,P,861,P,21.5,P,6,P,7.3,P,7,P,8.3,P,7.9,P,38.1,P,126,P,8.3,P,2410,P
USGS,9163500,2022-07-02,4800,P,22.7,P,20.6,P,881,P,893,P,869,P,21.7,P,7,P,7.2,P,7.1,P,8.2,P,8.2,P,66.7,P,82.4,P,8.3,P,125,P
USGS,9163500,2022-07-03,4560,P,22.7,P,20.9,P,890,P,896,P,883,P,21.8,P,6.9,P,7.1,P,7,P,8.2,P,8.2,P,79.3,P,105,P,8.2,P,336,P
USGS,9163500,2022-07-04,4250,P,23.3,P,21.1,P,903,P,912,P,896,P,22.1,P,6.9,P,7.2,P,7,P,8.2,P,8.2,P,81.5,P,111,P,8.3,P,342,P
USGS,9163500,2022-07-05,3950,P,24.3,P,21.5,P,937,P,947,P,912,P,22.7,P,6.9,P,7,P,6.9,P,8.2,P,8.2,P,74.2,P,95.4,P,8.3,P,212,P
USGS,9163500,2022-07-06,3910,P,23.8,P,21.4,P,961,P,980,P,943,P,22.6,P,6.8,P,7,P,6.9,P,8.3,P,8.2,P,61.6,P,97.2,P,8.3,P,385,P
USGS,9163500,2022-07-07,3960,P,23.6,P,21.4,P,979,P,992,P,967,P,22.6,P,6.9,P,7,P,6.9,P,8.2,P,8.2,P,81.9,P,162,P,8.3,P,314,P
USGS,9163500,2022-07-08,3840,P,24.2,P,21.7,P,992,P,1000,P,975,P,23,P,6.9,P,7,P,6.9,P,8.3,P,8.3,P,87.6,P,139,P,8.3,P,492,P
USGS,9163500,2022-07-09,3570,P,24.9,P,22.4,P,1000,P,1010,P,992,P,23.7,P,6.8,P,7,P,6.9,P,8.3,P,8.3,P,64.4,P,90.8,P,8.3,P,115,P
USGS,9163500,2022-07-10,3340,P,25.3,P,22.8,P,1020,P,1030,P,1010,P,24,P,6.8,P,7.2,P,6.9,P,8.4,P,8.3,P,50.2,P,55.6,P,8.4,P,65.4,P
USGS,9163500,2022-07-11,3160,P,25,P,22.2,P,1050,P,1070,P,1030,P,23.6,P,6.8,P,7.4,P,7.1,P,8.4,P,8.3,P,45.3,P,47.4,P,8.4,P,54.2,P
USGS,9163500,2022-07-12,2990,P,25.5,P,23.2,P,1070,P,1080,P,1060,P,24.4,P,6.8,P,7.4,P,7.1,P,8.4,P,8.4,P,39.8,P,42.4,P,8.4,P,59.1,P
USGS,9163500,2022-07-13,2800,P,26.6,P,23.6,P,1110,P,1130,P,1080,P,24.9,P,6.7,P,7.5,P,7.1,P,8.4,P,8.4,P,35.1,P,39.2,P,8.4,P,45.1,P
USGS,9163500,2022-07-14,2670,P,27.3,P,24.3,P,1130,P,1140,P,1130,P,25.7,P,6.6,P,7.3,P,6.9,P,8.4,P,8.3,P,37.2,P,42.7,P,8.4,P,55.1,P
USGS,9163500,2022-07-15,2550,P,26.9,P,24.3,P,1150,P,1170,P,1140,P,25.5,P,6.6,P,7.6,P,7,P,8.4,P,8.3,P,33.7,P,39.8,P,8.5,P,78.8,P
USGS,9163500,2022-07-16,2740,P,26.8,P,24.2,P,1150,P,1170,P,1120,P,25.5,P,6.1,P,7,P,6.5,P,8.3,P,8.2,P,32.5,P,120,P,8.4,P,458,P
USGS,9163500,2022-07-17,2760,P,27.4,P,24.9,P,1170,P,1180,P,1160,P,26.1,P,6.4,P,6.9,P,6.6,P,8.3,P,8.3,P,70.3,P,91.6,P,8.4,P,133,P
USGS,9163500,2022-07-18,2690,P,26.7,P,25,P,1190,P,1220,P,1160,P,25.9,P,6.4,P,6.7,P,6.5,P,8.3,P,8.3,P,91.2,P,116,P,8.4,P,166,P
USGS,9163500,2022-07-19,2520,P,27.6,P,24.7,P,1200,P,1210,P,1190,P,26,P,6.4,P,7,P,6.7,P,8.4,P,8.3,P,73.7,P,86.6,P,8.4,P,131,P
USGS,9163500,2022-07-20,2400,P,27.3,P,24.8,P,1220,P,1230,P,1210,P,26.1,P,6.4,P,7,P,6.7,P,8.4,P,8.3,P,70.1,P,89.4,P,8.4,P,123,P
USGS,9163500,2022-07-21,2260,P,27.2,P,25,P,1240,P,1250,P,1210,P,26.1,P,6.4,P,7.2,P,6.8,P,8.4,P,8.3,P,63.1,P,68.9,P,8.4,P,119,P
USGS,9163500,2022-07-22,2330,P,27,P,24.9,P,1250,P,1260,P,1240,P,25.9,P,6.4,P,7.2,P,6.8,P,8.4,P,8.3,P,57.2,P,66.3,P,8.4,P,110,P
USGS,9163500,2022-07-23,2250,P,25.7,P,24.8,P,1260,P,1270,P,1250,P,25.3,P,6.4,P,7.3,P,6.8,P,8.4,P,8.3,P,48.1,P,53.6,P,8.4,P,63.7,P
USGS,9163500,2022-07-24,2240,P,25,P,24.1,P,1260,P,1270,P,1250,P,24.5,P,6.6,P,7.4,P,6.9,P,8.4,P,8.3,P,46.4,P,48.6,P,8.4,P,59.3,P
USGS,9163500,2022-07-25,2520,P,26.1,P,23.2,P,1250,P,1260,P,1240,P,24.6,P,6.6,P,7.2,P,6.9,P,8.3,P,8.3,P,49.6,P,68.1,P,8.4,P,89.6,P
USGS,9163500,2022-07-26,2600,P,26.4,P,24.3,P,1230,P,1240,P,1200,P,25.2,P,6.5,P,7.2,P,6.8,P,8.4,P,8.3,P,59.3,P,65.2,P,8.4,P,197,P
USGS,9163500,2022-07-27,2670,P,26.3,P,23.8,P,1210,P,1210,P,1200,P,25,P,6.5,P,7.5,P,7,P,8.4,P,8.3,P,55.9,P,59.9,P,8.4,P,121,P
USGS,9163500,2022-07-28,2730,P,24.9,P,22.6,P,1200,P,1210,P,1190,P,23.6,P,6.6,P,7,P,6.7,P,8.3,P,8.2,P,54.6,P,62.6,P,8.4,P,396,P
USGS,9163500,2022-07-29,2770,P,24.8,P,21.4,P,1200,P,1210,P,1190,P,23,P,6.6,P,7,P,6.8,P,8.3,P,8.2,P,129,P,193,P,8.3,P,396,P
USGS,9163500,2022-07-30,2780,P,25.4,P,23.1,P,1190,P,1210,P,1180,P,24.1,P,5.8,P,7,P,6.6,P,8.3,P,8.1,P,90.8,P,114,P,8.4,P,2850,P
USGS,9163500,2022-07-31,2730,P,26,P,23.3,P,1190,P,1200,P,1180,P,24.5,P,5.9,P,6.9,P,6.5,P,8.3,P,8.1,P,112,P,265,P,8.3,P,1780,P
USGS,9163500,2022-08-01,2970,P,25.7,P,23.6,P,1200,P,1230,P,1180,P,24.6,P,6.3,P,6.6,P,6.5,P,8.2,P,8.2,P,152,P,310,P,8.3,P,442,P
USGS,9163500,2022-08-02,2940,P,25.4,P,23.2,P,1190,P,1230,P,1180,P,24.3,P,5.9,P,6.8,P,6.6,P,8.2,P,8.1,P,160,P,222,P,8.3,P,1630,P
USGS,9163500,2022-08-03,3040,P,26.3,P,23.6,P,1190,P,1230,P,1170,P,24.9,P,4.8,P,6.6,P,6.1,P,8.2,P,7.8,P,310,P:[4],369,P:[4],8.3,P,3760,P:[4]
USGS,9163500,2022-08-04,3120,P,26.3,P,24.1,P,1170,P,1180,P,1170,P,25.3,P,6.3,P,6.5,P,6.4,P,8.2,P,8.2,P,137,P,231,P,8.3,P,466,P
USGS,9163500,2022-08-05,2960,P,25.8,P,24.3,P,1150,P,1180,P,1130,P,24.9,P,6.5,P,7,P,6.6,P,8.3,P,8.1,P,2.1,P,128,P,8.3,P,208,P
USGS,9163500,2022-08-06,2790,P,25.3,P,23.5,P,1140,P,1160,P,1130,P,24.4,P,6.6,P,7,P,6.8,P,8.3,P,8.3,P,86.9,P,97.6,P,8.4,P,110,P
USGS,9163500,2022-08-07,2620,P,26.2,P,23.4,P,1170,P,1180,P,1150,P,24.8,P,6.7,P,7.2,P,6.9,P,8.4,P,8.3,P,72.8,P,80.4,P,8.4,P,106,P
USGS,9163500,2022-08-08,2490,P,26.4,P,24,P,1190,P,1200,P,1180,P,25.2,P,6.6,P,7.4,P,7,P,8.4,P,8.3,P,60.8,P,71.6,P,8.4,P,86,P