agency_cd,site_no,datetime,Temperature (Max),142803_00010_00001_cd,Temperature (Min),142804_00010_00002_cd,Temperature (Mean),142805_00010_00003_cd,Discharge (Mean),142806_00060_00003_cd,Dissolved Oxygen (Min),306632_00300_00002_cd,Dissolved Oxygen (Max),306633_00300_00001_cd,Specific Conductance (Min),306634_00095_00002_cd,Specific Conductance (Mean),306635_00095_00003_cd,pH (Min),306636_00400_00002_cd,Dissolved Oxygen (Mean),306637_00300_00003_cd,pH (Max),306638_00400_00001_cd,Specific Conductance (Max),306639_00095_00001_cd,pH (Median),306640_00400_00008_cd,Turbidity (Min),314973_63680_00002_cd,Turbidity (Mean),314974_63680_00003_cd,Turbidity (Max),314975_63680_00001_cd
USGS,9261000,2021-10-29,9.6,A,7.4,A,8.4,A,1680,A,9.4,P,10.1,P,570,P,578,P,8.3,P,9.9,P,8.5,P,587,P,8.5,P,81.2,P,178,P,269,P
USGS,9261000,2021-10-30,9.7,A,7.5,A,8.6,A,1720,A,9.4,P,10.2,P,575,P,578,P,8.3,P,9.8,P,8.5,P,583,P,8.5,P,87.7,P,160,P,242,P
USGS,9261000,2021-10-31,10.1,A,8.3,A,9.2,A,1730,A,9.4,P,9.9,P,568,P,570,P,8.4,P,9.6,P,8.5,P,575,P,8.5,P,143,P,177,P,270,P
USGS,9261000,2021-11-01,9.6,A,8.5,A,9.1,A,1650,A,9.5,P,9.9,P,564,P,569,P,8.4,P,9.7,P,8.5,P,577,P,8.5,P,127,P,169,P,221,P
USGS,9261000,2021-11-02,9.7,A,8.9,A,9.3,A,1580,A,9.5,P,9.7,P,576,P,579,P,8.5,P,9.6,P,8.5,P,580,P,8.5,P,216,P,684,P,994,P
USGS,9261000,2021-11-03,9.9,A,8.3,A,9.1,A,1540,A,9.4,P,10,P,567,P,569,P,8.4,P,9.8,P,8.5,P,576,P,8.5,P,125,P,272,P,598,P
USGS,9261000,2021-11-04,9.5,A,7.4,A,8.5,A,1510,A,9.5,P,10.3,P,563,P,564,P,8.4,P,9.9,P,8.6,P,568,P,8.5,P,111,P,133,P,159,P
USGS,9261000,2021-11-05,9.3,A,7.2,A,8.3,A,1490,A,9.5,P,10.4,P,558,P,560,P,8.4,P,9.9,P,8.6,P,564,P,8.5,P,94.9,P,121,P,178,P
USGS,9261000,2021-11-06,9.2,A,7,A,8.2,A,1550,A,9.5,P,10.3,P,553,P,556,P,8.4,P,10,P,8.6,P,558,P,8.5,P,75.1,P,107,P,128,P
USGS,9261000,2021-11-07,9.4,A,7,A,8.1,A,1580,A,9.5,P,10.3,P,549,P,551,P,8.4,P,9.9,P,8.6,P,553,P,8.5,P,93.2,P,118,P,288,P
USGS,9261000,2021-11-08,9.1,A,7.7,A,8.5,A,1580,A,9.6,P,10.2,P,548,P,550,P,8.5,P,9.9,P,8.6,P,551,P,8.5,P,88.2,P,112,P,268,P
USGS,9261000,2021-11-09,8.5,A,7.1,A,7.8,A,1550,A,9.7,P,10.3,P,549,P,551,P,8.5,P,10,P,8.6,P,552,P,8.5,P,90.8,P,126,P,493,P
USGS,9261000,2021-11-10,8.5,A,7.3,A,7.9,A,1530,A,9.7,P,10.4,P,545,P,546,P,8.5,P,10,P,8.6,P,549,P,8.5,P,84,P,109,P,149,P
USGS,9261000,2021-11-11,7.8,A,5.9,A,6.8,A,1490,A,9.9,P,10.8,P,546,P,547,P,8.4,P,10.4,P,8.6,P,548,P,8.5,P,71.7,P,89.9,P,117,P
USGS,9261000,2021-11-12,7.6,A,5.7,A,6.6,A,1490,A,10,P,10.9,P,547,P,548,P,8.5,P,10.5,P,8.6,P,551,P,8.5,P,60.5,P,78.3,P,107,P
USGS,9261000,2021-11-13,7.4,A,5.6,A,6.5,A,1480,A,10,P,10.9,P,549,P,551,P,8.5,P,10.5,P,8.6,P,553,P,8.5,P,54.7,P,73.4,P,102,P
USGS,9261000,2021-11-14,7,A,5.4,A,6.3,A,1490,A,10.1,P,11,P,553,P,556,P,8.5,P,10.5,P,8.6,P,558,P,8.5,P,49.6,P,99.1,P,1050,P
USGS,9261000,2021-11-15,7.9,A,5.8,A,6.8,A,1480,A,9.9,P,10.9,P,556,P,556,P,8.5,P,10.4,P,8.6,P,557,P,8.6,P,45.7,P,67.2,P,189,P
USGS,9261000,2021-11-16,7.4,A,5.7,A,6.6,A,1460,A,9.9,P,10.8,P,511,P,559,P,8.5,P,10.3,P,8.6,P,561,P,8.6,P,48.5,P,56.5,P,87.7,P
USGS,9261000,2021-11-17,7.2,A,5.5,A,6.2,A,1440,A,10,P,11,P,559,P,560,P,8.5,P,10.5,P,8.6,P,562,P,8.6,P,41.7,P,56,P,81.8,P
USGS,9261000,2021-11-18,6.2,A,3.8,A,4.7,A,1440,A,10.3,P,11.5,P,559,P,561,P,8.5,P,11,P,8.6,P,563,P,8.5,P,41.8,P,52.8,P,86.8,P
USGS,9261000,2021-11-19,4.8,A,3.5,A,4.1,A,1420,A,10.7,P,11.6,P,562,P,564,P,8.5,P,11.1,P,8.6,P,566,P,8.5,P,36,P,49.3,P,59.2,P
USGS,9261000,2021-11-20,5.2,A,3.4,A,4.3,A,1430,A,10.7,P,11.4,P,564,P,566,P,8.5,P,11.1,P,8.6,P,567,P,8.5,P,32.7,P,46.1,P,74.3,P
USGS,9261000,2021-11-21,5.1,A,3.4,A,4.2,A,1460,A,10.7,P,11.6,P,563,P,564,P,8.5,P,11.1,P,8.6,P,566,P,8.5,P,36.4,P,49.3,P,106,P
USGS,9261000,2021-11-22,4.6,A,2.8,A,3.7,A,1410,A,10.8,P,11.7,P,564,P,566,P,8.5,P,11.3,P,8.6,P,569,P,8.5,P,39.4,P,51.5,P,65.1,P
USGS,9261000,2021-11-23,4,A,2.1,A,2.9,A,1350,A,10.9,P,11.8,P,569,P,574,P,8.5,P,11.4,P,8.6,P,579,P,8.6,P,38.5,P,47.5,P,68.6,P
USGS,9261000,2021-11-24,3.4,A,1.9,A,2.7,A,1420,A,11,P,11.8,P,572,P,576,P,8.5,P,11.4,P,8.6,P,580,P,8.5,P,34.2,P,44.9,P,55.4,P
USGS,9261000,2021-11-25,3.3,A,1.4,A,2.2,A,1410,A,11.2,P,12.2,P,573,P,575,P,8.5,P,11.8,P,8.6,P,577,P,8.5,P,34.3,P,44.3,P,62.4,P
USGS,9261000,2021-11-26,2.5,A,0.6,A,1.6,A,1360,A,11.4,P,12.3,P,573,P,576,P,8.5,P,12,P,8.6,P,579,P,8.5,P,27.1,P,36.5,P,64.4,P
USGS,9261000,2021-11-27,2.4,A,0.5,A,1.5,A,1290,A,11.4,P,12.3,P,579,P,587,P,8.5,P,11.9,P,8.6,P,589,P,8.5,P,19.6,P,35.8,P,92.3,P
USGS,9261000,2021-11-28,3,A,0.9,A,2,A,1310,A,11.3,P,12.2,P,585,P,591,P,8.5,P,11.8,P,8.6,P,594,P,8.5,P,30.2,P,43.6,P,249,P
USGS,9261000,2021-11-29,3.1,A,1.2,A,2.2,A,1310,A,11.2,P,12,P,582,P,587,P,8.5,P,11.7,P,8.6,P,593,P,8.5,P,33.9,P,48.1,P,94.1,P
USGS,9261000,2021-11-30,3.4,A,1.4,A,2.5,A,1300,A,11.1,P,11.9,P,583,P,589,P,8.5,P,11.6,P,8.6,P,593,P,8.6,P,29.4,P,43.2,P,82.3,P
USGS,9261000,2021-12-01,3.9,A,2,A,3,A,1350,A,11,P,11.9,P,586,P,591,P,8.5,P,11.5,P,8.6,P,595,P,8.6,P,25.7,P,38,P,68.4,P
USGS,9261000,2021-12-02,3.6,A,1.9,A,2.8,A,1390,A,11,P,11.9,P,586,P,589,P,8.5,P,11.5,P,8.6,P,592,P,8.6,P,30.2,P,40.1,P,52,P
USGS,9261000,2021-12-03,3.5,A,1.9,A,2.8,A,1410,A,11,P,11.8,P,581,P,585,P,8.5,P,11.5,P,8.6,P,588,P,8.5,P,40.6,P,50.2,P,82,P
USGS,9261000,2021-12-04,3.5,A,1.7,A,2.6,A,1380,A,11,P,11.8,P,581,P,586,P,8.5,P,11.5,P,8.6,P,589,P,8.5,P,44.2,P,56.3,P,73.2,P
USGS,9261000,2021-12-05,3.3,A,1.7,A,2.5,A,1360,A,11,P,11.8,P,584,P,587,P,8.5,P,11.5,P,8.6,P,590,P,8.6,P,45.8,P,59.7,P,86,P
USGS,9261000,2021-12-06,2.9,A,1,A,1.8,A,1360,A,11.1,P,12,P,583,P,585,P,8.5,P,11.7,P,8.6,P,587,P,8.6,P,38.4,P,66.1,P,388,P
USGS,9261000,2021-12-07,2.9,A,1.5,A,2.2,A,1370,A,11.2,P,11.9,P,581,P,586,P,8.5,P,11.6,P,8.6,P,590,P,8.6,P,35.6,P,47.3,P,80.1,P
USGS,9261000,2021-12-08,2.8,A,0.8,A,1.9,A,1320,A,11.2,P,12,P,582,P,589,P,8.5,P,11.7,P,8.6,P,592,P,8.5,P,28.4,P,40.7,P,76.4,P
USGS,9261000,2021-12-09,3.4,A,2.3,A,3,A,1360,A,11,P,11.3,P,574,P,589,P,8.5,P,11.1,P,8.6,P,595,P,8.6,P,23.6,P,52.5,P,256,P
USGS,9261000,2021-12-10,2.4,A,1.4,A,2,A,1440,A,11.2,P,11.9,P,573,P,578,P,8.5,P,11.5,P,8.6,P,582,P,8.5,P,26.6,P,45.1,P,76.6,P
USGS,9261000,2021-12-11,1.8,A,-0.1,A,0.1,A,1270,A,11.5,P,12.6,P,570,P,577,P,8.5,P,12.3,P,8.6,P,590,P,8.5,P,24.4,P,38.5,P,260,P
USGS,9261000,2021-12-12,0,A,-0.1,A,-0.1,A,1100,A,12,P,12.6,P,590,P,615,P,8.5,P,12.3,P,8.6,P,625,P,8.5,P,17.6,P,35,P,183,P
USGS,9261000,2021-12-13,0,A,-0.1,A,0,A,1220,A,12.2,P,12.6,P,624,P,635,P,8.5,P,12.3,P,8.6,P,648,P,8.5,P,19.5,P,32.4,P,110,P
USGS,9261000,2021-12-14,0.4,A,-0.1,A,0.1,A,1290,A,11.8,P,12.4,P,610,P,619,P,8.5,P,12.2,P,8.6,P,629,P,8.6,P,14.4,P,56.3,P,424,P
USGS,9261000,2021-12-15,0.7,A,-0.1,A,0.4,A,1380,A,11.7,P,12.2,P,586,P,596,P,8.5,P,11.9,P,8.6,P,610,P,8.5,P,35.8,P,134,P,737,P
USGS,9261000,2021-12-16,0.6,A,-0.1,A,0.2,A,1320,A,11.8,P,12.4,P,593,P,599,P,8.5,P,12.1,P,8.6,P,604,P,8.6,P,0,P,53.3,P,234,P
USGS,9261000,2021-12-17,1,P,-0.1,P,0.3,P,1310,A,11.8,P,12.5,P,482,P,603,P,8.5,P,12.2,P,8.6,P,611,P,8.6,P,0,P,29.7,P,51.6,P
USGS,9261000,2021-12-18,0.3,P,-0.1,P,0,P,1210,A,12,P,12.7,P,602,P,615,P,8.5,P,12.4,P,8.6,P,627,P,8.5,P,0,P,21.3,P,35.8,P
USGS,9261000,2021-12-19,0,P,-0.1,P,-0.1,P,1330,A,12.2,P,12.6,P,609,P,631,P,8.5,P,12.4,P,8.6,P,639,P,8.5,P,9.4,P,23.5,P,50.5,P
USGS,9261000,2021-12-20,0,P,-0.1,P,-0.1,P,1350,A,12.2,P,12.6,P,634,P,642,P,8.5,P,12.4,P,8.6,P,651,P,8.5,P,18.8,P,25.7,P,40.2,P
USGS,9261000,2021-12-21,0.2,P,-0.1,P,0,P,1320,A,12.2,P,12.6,P,601,P,634,P,8.5,P,12.4,P,8.6,P,647,P,8.5,P,15.1,P,25.3,P,61.4,P
USGS,9261000,2021-12-22,0,P,-0.1,P,-0.1,P,1370,A,12.1,P,12.6,P,613,P,630,P,8.5,P,12.3,P,8.6,P,636,P,8.6,P,15.8,P,38.6,P,323,P
USGS,9261000,2021-12-23,0.4,P,-0.1,P,0.1,P,1340,A,11.8,P,12.4,P,619,P,626,P,8.5,P,12.2,P,8.6,P,629,P,8.6,P,19.7,P,29.3,P,56.8,P
USGS,9261000,2021-12-24,1,P,0.2,P,0.5,P,1380,A,11.6,P,12.1,P,611,P,617,P,8.6,P,11.9,P,8.6,P,624,P,8.6,P,19.7,P,31.1,P,83.8,P
USGS,9261000,2021-12-25,2.6,P,0.9,P,1.7,P,1390,A,11.1,P,11.9,P,603,P,608,P,8.6,P,11.6,P,8.6,P,613,P,8.6,P,26.2,P,35.2,P,47.3,P
USGS,9261000,2021-12-26,2.7,P,1.4,P,2.1,P,1390,A,11.2,P,11.6,P,606,P,609,P,8.6,P,11.4,P,8.6,P,612,P,8.6,P,25.8,P,37.8,P,54.1,P
USGS,9261000,2021-12-27,1.4,P,0.4,P,0.9,P,1340,A,11.5,P,12.1,P,607,P,609,P,8.6,P,11.8,P,8.6,P,612,P,8.6,P,29.2,P,36.8,P,42.7,P
USGS,9261000,2021-12-28,1.1,P,0,P,0.4,P,1330,A,11.5,P,12.4,P,602,P,607,P,8.5,P,12,P,8.6,P,609,P,8.6,P,21.1,P,28.1,P,37.6,P
USGS,9261000,2021-12-29,0.4,P,-0.1,P,0,P,1330,A,11.8,P,12.5,P,603,P,612,P,8.5,P,12.1,P,8.6,P,617,P,8.6,P,18.3,P,29,P,72.2,P
USGS,9261000,2021-12-30,0.5,P,-0.1,P,0.1,P,1380,A,11.8,P,12.4,P,608,P,615,P,8.5,P,12.1,P,8.6,P,623,P,8.6,P,18.4,P,28,P,44.8,P
USGS,9261000,2021-12-31,0.6,P,0.2,P,0.4,P,1410,A,11.8,P,12.2,P,602,P,607,P,8.5,P,11.9,P,8.6,P,614,P,8.6,P,16.6,P,27.7,P,65.8,P
USGS,9261000,2022-01-01,0.3,P,-0.1,P,0,P,1320,A,11.8,P,12.5,P,585,P,605,P,8.5,P,12.2,P,8.6,P,637,P,8.6,P,0,P,29.6,P,119,P
USGS,9261000,2022-01-02,0,P,-0.1,P,-0.1,P,1160,A,12.2,P,12.8,P,606,P,628,P,8.5,P,12.4,P,8.6,P,650,P,8.5,P,0,P,27,P,70.6,P
USGS,9261000,2022-01-03,0,P,-0.1,P,0,P,1060,A,12.1,P,12.8,P,650,P,661,P,8.4,P,12.4,P,8.6,P,691,P,8.5,P,14.8,P,23.6,P,47.8,P
USGS,9261000,2022-01-04,0.1,P,-0.1,P,0,P,1160,A,12.1,P,12.5,P,651,P,665,P,8.5,P,12.3,P,8.6,P,673,P,8.5,P,19.5,P,46.1,P,369,P
USGS,9261000,2022-01-05,0.1,P,-0.1,P,0,P,1450,A,12,P,12.4,P,630,P,647,P,8.5,P,12.2,P,8.6,P,657,P,8.5,P,21.3,P,71.7,P,389,P
USGS,9261000,2022-01-06,0.2,P,-0.1,P,0,P,1530,A,12,P,12.4,P,601,P,618,P,8.5,P,12.1,P,8.6,P,630,P,8.5,P,19.1,P,65.6,P,294,P
USGS,9261000,2022-01-07,0.5,P,-0.1,P,0.1,P,1530,A,11.9,P,12.3,P,584,P,598,P,8.5,P,12.1,P,8.6,P,607,P,8.5,P,21,P,57.4,P,210,P
USGS,9261000,2022-01-08,0.9,P,0,P,0.3,P,1390,A,11.9,P,12.3,P,579,P,585,P,8.5,P,12.1,P,8.6,P,592,P,8.5,P,18.4,P,61.8,P,311,P
USGS,9261000,2022-01-09,0.6,P,-0.1,P,0,P,1400,A,12,P,12.7,P,513,P,581,P,8.5,P,12.3,P,8.6,P,590,P,8.6,P,15.7,P,45.6,P,195,P
USGS,9261000,2022-01-10,0.5,P,-0.1,P,0,P,1380,A,12.2,P,12.8,P,553,P,594,P,8.5,P,12.5,P,8.6,P,604,P,8.6,P,12.4,P,34.5,P,114,P
USGS,9261000,2022-01-11,0.3,P,-0.1,P,0,P,1370,A,12.2,P,12.7,P,597,P,608,P,8.5,P,12.4,P,8.6,P,617,P,8.5,P,9.7,P,23.7,P,92.9,P
USGS,9261000,2022-01-12,0.3,P,-0.1,P,0,P,1370,A,12.2,P,12.8,P,598,P,607,P,8.5,P,12.5,P,8.6,P,616,P,8.6,P,9.3,P,30.4,P,346,P
USGS,9261000,2022-01-13,0.5,P,-0.1,P,0.1,P,1350,A,11.9,P,12.7,P,520,P,603,P,8.5,P,12.4,P,8.6,P,613,P,8.6,P,0,P,67.3,P,346,P
USGS,9261000,2022-01-14,1.1,P,-0.1,P,0.6,P,1320,A,11.8,P,12.6,P,601,P,606,P,8.5,P,12.2,P,8.6,P,611,P,8.6,P,5.7,P,79.6,P,614,P
USGS,9261000,2022-01-15,2,P,0.1,P,1,P,1300,A,11.5,P,12.6,P,603,P,606,P,8.6,P,12.1,P,8.6,P,609,P,8.6,P,7.6,P,80,P,567,P
USGS,9261000,2022-01-16,1.9,P,0.5,P,1.2,P,1280,A,11.5,P,12.6,P,603,P,607,P,8.5,P,12,P,8.6,P,609,P,8.6,P,10.2,P,31,P,152,P
USGS,9261000,2022-01-17,1.7,P,-0.1,P,0.7,P,1300,A,11.5,P,12.6,P,591,P,608,P,8.5,P,12.1,P,8.6,P,612,P,8.6,P,5.2,P,24.9,P,85.4,P
USGS,9261000,2022-01-18,1.6,P,-0.1,P,0.7,P,1310,A,11.5,P,12.6,P,608,P,612,P,8.5,P,12.1,P,8.6,P,615,P,8.6,P,11.5,P,34.1,P,171,P
USGS,9261000,2022-01-19,1.8,P,-0.1,P,0.7,P,1310,A,11.5,P,12.7,P,606,P,611,P,8.5,P,12.1,P,8.6,P,615,P,8.6,P,15.2,P,25.1,P,229,P
USGS,9261000,2022-01-20,2.2,P,-0.1,P,0.9,P,1300,A,11.4,P,12.7,P,608,P,612,P,8.5,P,12.1,P,8.6,P,616,P,8.6,P,13.6,P,52.9,P,472,P
USGS,9261000,2022-01-21,2.5,P,1.1,P,1.8,P,1300,A,11.4,P,12.4,P,608,P,610,P,8.5,P,11.8,P,8.7,P,613,P,8.6,P,12.2,P,27.1,P,472,P
USGS,9261000,2022-01-22,2.2,P,0.4,P,1.3,P,1270,A,11.4,P,12.6,P,608,P,611,P,8.6,P,12,P,8.6,P,613,P,8.6,P,14.7,P,50.6,P,236,P
USGS,9261000,2022-01-23,2.1,P,0,P,1,P,1260,A,11.4,P,12.7,P,608,P,612,P,8.5,P,12.1,P,8.6,P,615,P,8.6,P,10.9,P,39.6,P,129,P
USGS,9261000,2022-01-24,2,P,-0.1,P,0.9,P,1280,A,11.4,P,12.7,P,588,P,612,P,8.5,P,12.1,P,8.6,P,617,P,8.6,P,7.2,P,23.6,P,87.6,P
USGS,9261000,2022-01-25,2.3,P,0.6,P,1.5,P,1300,A,11.4,P,12.4,P,610,P,613,P,8.5,P,11.9,P,8.7,P,616,P,8.6,P,10.6,P,23.1,P,52.1,P
USGS,9261000,2022-01-26,1.7,P,-0.1,P,0.7,P,1240,A,11.5,P,12.8,P,610,P,613,P,8.6,P,12.2,P,8.7,P,620,P,8.6,P,11.2,P,30,P,284,P
USGS,9261000,2022-01-27,1.5,P,-0.1,P,0.6,P,1260,A,11.6,P,12.9,P,613,P,618,P,8.6,P,12.2,P,8.7,P,623,P,8.6,P,11,P,24.6,P,87.2,P
USGS,9261000,2022-01-28,0.8,P,-0.1,P,0,P,1190,A,11.9,P,13,P,607,P,623,P,8.5,P,12.5,P,8.6,P,635,P,8.6,P,8,P,19.9,P,66.9,P
USGS,9261000,2022-01-29,0.1,P,-0.1,P,0,P,1240,A,12,P,12.9,P,618,P,634,P,8.5,P,12.4,P,8.6,P,644,P,8.6,P,11.6,P,18.3,P,43.8,P
USGS,9261000,2022-01-30,0.2,P,-0.1,P,0,P,1250,A,12,P,12.8,P,628,P,637,P,8.5,P,12.4,P,8.6,P,649,P,8.6,P,12.2,P,21.6,P,112,P
USGS,9261000,2022-01-31,0.5,P,-0.1,P,0.1,P,1250,A,11.7,P,12.7,P,627,P,635,P,8.5,P,12.3,P,8.6,P,660,P,8.6,P,12,P,21.2,P,38.2,P
USGS,9261000,2022-02-01,0.5,P,-0.1,P,0.1,P,1260,A,11.7,P,12.7,P,625,P,632,P,8.5,P,12.2,P,8.6,P,640,P,8.6,P,12.8,P,29.3,P,342,P
USGS,9261000,2022-02-02,0.3,P,-0.1,P,0,P,1190,A,11.8,P,12.8,P,614,P,634,P,8.6,P,12.3,P,8.7,P,645,P,8.6,P,11.1,P,18.5,P,45.4,P
USGS,9261000,2022-02-03,0.1,P,-0.1,P,0,P,1240,A,12.1,P,12.9,P,620,P,641,P,8.6,P,12.4,P,8.7,P,651,P,8.6,P,10.8,P,16,P,43.4,P
USGS,9261000,2022-02-04,0.1,P,-0.1,P,0,P,1300,A,12.1,P,13,P,649,P,658,P,8.5,P,12.5,P,8.6,P,669,P,8.6,P,11.3,P,19.3,P,43.2,P
USGS,9261000,2022-02-05,0.2,P,-0.1,P,0,P,1280,A,11.9,P,12.9,P,644,P,656,P,8.5,P,12.4,P,8.7,P,671,P,8.6,P,14.3,P,40.3,P,426,P
USGS,9261000,2022-02-06,0.7,P,-0.1,P,0.2,P,1320,A,11.9,P,12.8,P,631,P,641,P,8.5,P,12.3,P,8.6,P,652,P,8.5,P,19.5,P,37,P,149,P
USGS,9261000,2022-02-07,0.8,P,-0.1,P,0.3,P,1260,A,11.8,P,12.9,P,622,P,629,P,8.5,P,12.4,P,8.6,P,639,P,8.6,P,12.2,P,23.3,P,42.8,P
USGS,9261000,2022-02-08,1,P,-0.1,P,0.4,P,1240,A,11.7,P,12.9,P,622,P,628,P,8.5,P,12.3,P,8.6,P,639,P,8.6,P,14.6,P,23,P,49.1,P
USGS,9261000,2022-02-09,1.9,P,-0.1,P,0.8,P,1220,A,11.4,P,12.8,P,617,P,622,P,8.5,P,12.2,P,8.6,P,630,P,8.6,P,16.1,P,28.5,P,411,P
USGS,9261000,2022-02-10,2.4,P,0,P,1.3,P,1210,A,11.2,P,12.8,P,611,P,616,P,8.5,P,12.1,P,8.7,P,620,P,8.6,P,16,P,25.8,P,77.1,P
USGS,9261000,2022-02-11,3,P,0.5,P,1.9,P,1210,A,11,P,12.5,P,613,P,616,P,8.6,P,11.8,P,8.7,P,619,P,8.6,P,16.7,P,28.9,P,114,P
USGS,9261000,2022-02-12,3.3,P,0.9,P,2.3,P,1200,A,11,P,12.5,P,615,P,618,P,8.6,P,11.8,P,8.7,P,621,P,8.6,P,16.4,P,31.6,P,68.3,P
USGS,9261000,2022-02-13,3.4,P,0.8,P,2.4,P,1220,A,11,P,12.5,P,613,P,617,P,8.6,P,11.8,P,8.7,P,621,P,8.6,P,16.8,P,34.8,P,204,P
USGS,9261000,2022-02-14,3.3,P,0.7,P,2.3,P,1240,A,10.9,P,12.5,P,610,P,614,P,8.5,P,11.8,P,8.7,P,618,P,8.6,P,19.7,P,26.3,P,43.7,P
USGS,9261000,2022-02-15,3.7,P,1.1,P,2.6,P,1260,A,10.8,P,12.2,P,603,P,609,P,8.5,P,11.5,P,8.7,P,614,P,8.6,P,22.5,P,30.4,P,92.6,P
USGS,9261000,2022-02-16,3.5,P,1.9,P,2.8,P,1280,A,10.8,P,12,P,602,P,604,P,8.6,P,11.4,P,8.7,P,607,P,8.6,P,19.8,P,30.1,P,55.9,P
USGS,9261000,2022-02-17,3.5,P,1.2,P,2.4,P,1270,A,10.9,P,12.4,P,599,P,604,P,8.6,P,11.7,P,8.7,P,607,P,8.6,P,17.4,P,31.6,P,60.1,P
USGS,9261000,2022-02-18,3.2,P,0.7,P,2.2,P,1260,A,11,P,12.6,P,599,P,604,P,8.5,P,11.8,P,8.7,P,609,P,8.6,P,22.6,P,33.8,P,63.5,P
USGS,9261000,2022-02-19,3.6,P,0.7,P,2.4,P,1280,A,10.8,P,12.4,P,597,P,603,P,8.5,P,11.7,P,8.7,P,611,P,8.6,P,25.3,P,37.4,P,75.3,P
USGS,9261000,2022-02-20,4.1,P,0.8,P,2.6,P,1280,A,10.6,P,12.2,P,595,P,599,P,8.5,P,11.6,P,8.7,P,604,P,8.6,P,23.2,P,33.5,P,89.6,P
USGS,9261000,2022-02-21,4,P,1.3,P,2.7,P,1320,A,10.6,P,11.4,P,586,P,597,P,8.5,P,11.1,P,8.6,P,605,P,8.6,P,22.8,P,34,P,64.9,P
USGS,9261000,2022-02-22,2,P,0.3,P,1,P,1260,A,11.3,P,12.6,P,586,P,596,P,8.6,P,11.9,P,8.7,P,601,P,8.6,P,19.9,P,34.5,P,221,P
USGS,9261000,2022-02-23,1,P,-0.1,P,0.1,P,1160,A,11.5,P,12.7,P,594,P,608,P,8.5,P,12.2,P,8.7,P,616,P,8.6,P,23.2,P,32.3,P,79.5,P
USGS,9261000,2022-02-24,0.2,P,-0.1,P,0,P,1180,A,11.7,P,12.7,P,612,P,633,P,8.5,P,12.3,P,8.6,P,645,P,8.6,P,25.2,P,40.9,P,98.6,P
USGS,9261000,2022-02-25,0.4,P,-0.1,P,0.1,P,1310,A,11.9,P,12.7,P,620,P,631,P,8.5,P,12.3,P,8.6,P,645,P,8.5,P,30.2,P,50.7,P,274,P
USGS,9261000,2022-02-26,0.5,P,-0.1,P,0.1,P,1310,A,11.9,P,12.8,P,622,P,633,P,8.5,P,12.4,P,8.6,P,647,P,8.5,P,25.3,P,37.9,P,74.7,P
USGS,9261000,2022-02-27,1.1,P,-0.1,P,0.4,P,1300,A,11.8,P,12.8,P,615,P,625,P,8.5,P,12.4,P,8.6,P,640,P,8.5,P,23.2,P,36.8,P,123,P
USGS,9261000,2022-02-28,1.9,P,-0.1,P,0.8,P,1330,A,11.5,P,12.8,P,614,P,621,P,8.5,P,12.2,P,8.6,P,631,P,8.5,P,20.8,P,42.3,P,1310,P
USGS,9261000,2022-03-01,2.9,P,-0.1,P,1.3,P,1310,A,11.2,P,12.7,P,606,P,613,P,8.5,P,12.1,P,8.6,P,622,P,8.6,P,21.7,P,29.6,P,134,P
USGS,9261000,2022-03-02,3.5,P,0.2,P,1.9,P,1310,A,11,P,12.7,P,597,P,603,P,8.5,P,12,P,8.6,P,608,P,8.5,P,22.7,P,32.1,P,69.7,P
USGS,9261000,2022-03-03,3.6,P,0.7,P,2.3,P,1300,A,10.8,P,12.5,P,590,P,594,P,8.5,P,11.8,P,8.6,P,598,P,8.5,P,31,P,56.7,P,126,P
USGS,9261000,2022-03-04,5.1,P,1.7,P,3.3,P,1330,A,10.3,P,11.9,P,590,P,598,P,8.5,P,11.2,P,8.6,P,602,P,8.5,P,42.8,P,112,P,301,P
USGS,9261000,2022-03-05,6,P,4,P,4.9,P,1580,A,10.1,P,10.9,P,589,P,596,P,8.5,P,10.5,P,8.6,P,605,P,8.5,P,124,P,291,P,791,P
USGS,9261000,2022-03-06,5.2,P,2.8,P,4.1,P,1730,A,10.3,P,11.1,P,568,P,591,P,8.4,P,10.7,P,8.5,P,615,P,8.5,P,422,P,587,P,833,P
USGS,9261000,2022-03-07,3.2,P,1.4,P,2.3,P,1680,A,11,P,11.8,P,553,P,563,P,8.4,P,11.4,P,8.5,P,581,P,8.4,P,339,P,506,P,866,P
USGS,9261000,2022-03-08,3.5,P,1,P,2.3,P,1650,A,11,P,11.8,P,531,P,542,P,8.4,P,11.5,P,8.5,P,557,P,8.4,P,145,P,268,P,397,P
USGS,9261000,2022-03-09,3.4,P,1.9,P,2.7,P,1780,A,11,P,11.5,P,541,P,552,P,8.5,P,11.3,P,8.5,P,564,P,8.5,P,123,P,172,P,1310,P
USGS,9261000,2022-03-10,2.3,P,0.4,P,1.5,P,1510,A,11.2,P,12,P,564,P,593,P,8.4,P,11.6,P,8.5,P,628,P,8.5,P,139,P,390,P,620,P
USGS,9261000,2022-03-11,2.3,P,-0.1,P,1,P,1410,A,11.3,P,12.3,P,628,P,638,P,8.4,P,11.9,P,8.5,P,644,P,8.5,P,239,P,404,P,606,P
USGS,9261000,2022-03-12,3.6,P,0,P,1.9,P,1440,A,10.9,P,12.3,P,610,P,620,P,8.4,P,11.8,P,8.5,P,633,P,8.4,P,214,P,324,P,956,P
USGS,9261000,2022-03-13,3.6,P,1.2,P,2.7,P,1400,A,10.9,P,11.8,P,618,P,635,P,8.4,P,11.4,P,8.5,P,648,P,8.4,P,177,P,227,P,280,P
USGS,9261000,2022-03-14,6.4,P,2.3,P,4.4,P,1380,A,10.2,P,11.7,P,644,P,650,P,8.4,P,11.1,P,8.5,P,656,P,8.4,P,106,P,133,P,188,P
USGS,9261000,2022-03-15,7,P,3.1,P,5.2,P,1400,A,10,P,11.7,P,625,P,638,P,8.4,P,10.9,P,8.5,P,649,P,8.4,P,78,P,110,P,1310,P
USGS,9261000,2022-03-16,6.9,P,5.2,P,6,P,1460,A,10,P,11.1,P,616,P,629,P,8.4,P,10.5,P,8.5,P,639,P,8.4,P,69.8,P,98.6,P,263,P
USGS,9261000,2022-03-17,7.3,P,4.4,P,5.9,P,1780,A,10,P,11.1,P,585,P,606,P,8.3,P,10.5,P,8.4,P,618,P,8.4,P,91,P,140,P,225,P
USGS,9261000,2022-03-18,6,P:[4],3.5,P:[4],4.8,P:[4],1990,A,10.3,P:[4],,,,,,,,,,,,,,,,,208,P:[4],699,P:[4],1030,P:[4]
USGS,9261000,2022-03-19,6,P,3.4,P,4.7,P,2120,A,10.4,P,11.1,P,483,P,497,P,8.4,P,10.8,P,8.4,P,512,P,8.4,P,476,P,625,P,910,P
USGS,9261000,2022-03-20,5.4,P,3.6,P,4.5,P,2080,A,10.4,P,10.9,P,491,P,509,P,8.4,P,10.7,P,8.4,P,535,P,8.4,P,580,P,659,P,750,P
USGS,9261000,2022-03-21,6.2,P,3.4,P,4.9,P,2030,A,10.2,P,11,P,535,P,577,P,8.4,P,10.7,P,8.4,P,613,P,8.4,P,706,P,811,P,1020,P
USGS,9261000,2022-03-22,5.5,P,3.8,P,4.5,P,2070,A,10.4,P,11,P,551,P,568,P,8.4,P,10.8,P,8.4,P,595,P,8.4,P,929,P,1090,P,1240,P
USGS,9261000,2022-03-23,6.5,P,2.7,P,4.5,P,1850,A,10.2,P,11.3,P,577,P,586,P,8.4,P,10.9,P,8.4,P,599,P,8.4,P,819,P,1000,P,1150,P
USGS,9261000,2022-03-24,8,P,4.3,P,6.1,P,1850,A,9.8,P,10.8,P,590,P,602,P,8.4,P,10.5,P,8.5,P,614,P,8.4,P,405,P,607,P,856,P
USGS,9261000,2022-03-25,9.9,P,6,P,7.8,P,1930,A,9.4,P,10.3,P,613,P,617,P,8.4,P,10,P,8.5,P,621,P,8.4,P,377,P,458,P,555,P
USGS,9261000,2022-03-26,10.4,P,7.8,P,9,P,2040,A,9.2,P,10,P,604,P,611,P,8.4,P,9.6,P,8.5,P,618,P,8.4,P,386,P,614,P,821,P
USGS,9261000,2022-03-27,11.5,P,8.5,P,10,P,1970,A,8.9,P,9.6,P,601,P,609,P,8.4,P,9.3,P,8.5,P,615,P,8.4,P,542,P,823,P,1090,P
USGS,9261000,2022-03-28,11,P,9.2,P,10.1,P,2070,A,9,P,9.4,P,603,P,608,P,8.4,P,9.2,P,8.5,P,620,P,8.5,P,538,P,617,P,813,P
USGS,9261000,2022-03-29,10.5,P,9.3,P,9.9,P,2440,A,9.2,P,9.4,P,607,P,615,P,8.4,P,9.2,P,8.5,P,625,P,8.5,P,560,P,721,P,1140,P
USGS,9261000,2022-03-30,10.5,P,8.4,P,9.4,P,2880,A,9.2,P,9.6,P,583,P,603,P,8.4,P,9.5,P,8.5,P,613,P,8.4,P,1000,P,1190,P,1310,P
USGS,9261000,2022-03-31,9.3,P,7.5,P,8.3,P,3100,A,9.5,P,9.9,P,542,P,559,P,8.4,P,9.7,P,8.4,P,583,P,8.4,P,891,P,1110,P,1290,P
USGS,9261000,2022-04-01,10,P,7.4,P,8.5,P,3160,A,9.4,P,10,P,531,P,537,P,8.4,P,9.7,P,8.4,P,542,P,8.4,P,781,P,1020,P,1300,P
USGS,9261000,2022-04-02,10.7,P,7.9,P,9.1,P,2860,A,9.3,P,9.9,P,536,P,543,P,8.4,P,9.6,P,8.4,P,553,P,8.4,P,700,P,837,P,1070,P
USGS,9261000,2022-04-03,11.2,P,8.8,P,9.9,P,2570,A,9,P,9.6,P,548,P,557,P,8.4,P,9.4,P,8.4,P,563,P,8.4,P,495,P,629,P,800,P
USGS,9261000,2022-04-04,10.7,P,8.8,P,9.7,P,2610,A,9.2,P,9.6,P,545,P,547,P,8.4,P,9.4,P,8.5,P,548,P,8.4,P,367,P,445,P,625,P
USGS,9261000,2022-04-05,10.9,P,8.1,P,9.5,P,2710,A,9.2,P,9.7,P,543,P,553,P,8.4,P,9.4,P,8.5,P,565,P,8.5,P,312,P,411,P,534,P
USGS,9261000,2022-04-06,9.6,P,7.4,P,8.3,P,2830,A,9.7,P,10.2,P,553,P,566,P,8.4,P,9.9,P,8.5,P,583,P,8.5,P,296,P,349,P,443,P
USGS,9261000,2022-04-07,9.5,P,6.6,P,7.9,P,2730,A,9.7,P,10.5,P,580,P,589,P,8.4,P,10.1,P,8.5,P,600,P,8.5,P,316,P,353,P,485,P
USGS,9261000,2022-04-08,10.6,P,7,P,8.7,P,2760,A,9.4,P,10.2,P,575,P,586,P,8.4,P,9.9,P,8.5,P,594,P,8.4,P,270,P,362,P,693,P
USGS,9261000,2022-04-09,11.6,P,8.6,P,10,P,2420,A,9,P,9.7,P,545,P,553,P,8.4,P,9.4,P,8.5,P,575,P,8.5,P,257,P,357,P,1180,P
USGS,9261000,2022-04-10,11.3,P,8.7,P,10,P,2240,A,9,P,9.7,P,548,P,552,P,8.5,P,9.4,P,8.5,P,557,P,8.5,P,340,P,685,P,1300,P
USGS,9261000,2022-04-11,10.2,P,8.4,P,9.3,P,2240,A,9.1,P,9.9,P,554,P,557,P,8.5,P,9.5,P,8.5,P,560,P,8.5,P,199,P,506,P,1310,P
USGS,9261000,2022-04-12,9.4,P,6.6,P,8.2,P,2490,A,9.3,P,10.1,P,533,P,542,P,8.5,P,9.7,P,8.5,P,555,P,8.5,P,198,P,216,P,239,P
USGS,9261000,2022-04-13,8,P,6,P,7,P,2620,A,9.8,P,10.3,P,519,P,525,P,8.5,P,10.1,P,8.5,P,533,P,8.5,P,186,P,198,P,227,P
USGS,9261000,2022-04-14,7.8,P,4.5,P,6.1,P,2450,A,10,P,11,P,509,P,513,P,8.5,P,10.5,P,8.5,P,519,P,8.5,P,160,P,179,P,217,P
USGS,9261000,2022-04-15,9.2,P,5.4,P,7.2,P,2340,A,9.6,P,10.7,P,512,P,513,P,8.5,P,10.2,P,8.5,P,515,P,8.5,P,156,P,167,P,184,P
USGS,9261000,2022-04-16,10.1,P,7.2,P,8.6,P,2220,A,9.4,P,10.3,P,512,P,515,P,8.5,P,9.8,P,8.6,P,518,P,8.5,P,147,P,165,P,204,P
USGS,9261000,2022-04-17,11.6,P,8.1,P,9.9,P,2110,A,9.1,P,10.2,P,515,P,520,P,8.5,P,9.7,P,8.6,P,525,P,8.5,P,139,P,196,P,246,P
USGS,9261000,2022-04-18,13.3,P,8.8,P,11,P,2140,A,8.7,P,10.1,P,523,P,525,P,8.5,P,9.5,P,8.6,P,528,P,8.5,P,105,P,141,P,195,P
USGS,9261000,2022-04-19,12.6,P,9.8,P,11.2,P,2280,A,8.8,P,9.8,P,528,P,534,P,8.5,P,9.2,P,8.6,P,542,P,8.6,P,90.6,P,113,P,154,P
USGS,9261000,2022-04-20,14.1,P,10.4,P,12.2,P,2350,A,8.6,P,9.6,P,532,P,540,P,8.5,P,9.1,P,8.6,P,544,P,8.6,P,70.7,P,106,P,189,P
USGS,9261000,2022-04-21,14.4,P,11.2,P,12.8,P,2400,A,8.4,P,9.6,P,526,P,532,P,8.5,P,9,P,8.6,P,539,P,8.6,P,106,P,128,P,143,P
USGS,9261000,2022-04-22,13.2,P,11.4,P,12.1,P,2810,A,8.5,P,8.9,P,515,P,531,P,8.5,P,8.8,P,8.6,P,540,P,8.5,P,115,P,141,P,182,P
USGS,9261000,2022-04-23,12.2,P,10.8,P,11.5,P,3580,A,8.9,P,9.1,P,478,P,503,P,8.4,P,9,P,8.5,P,515,P,8.5,P,164,P,268,P,369,P
USGS,9261000,2022-04-24,11.5,P,9.6,P,10.5,P,4450,A,9.1,P,9.4,P,389,P,438,P,8.3,P,9.3,P,8.5,P,478,P,8.4,P,360,P,550,P,742,P
USGS,9261000,2022-04-25,11,P,8.2,P,9.6,P,5320,A,9.2,P,9.8,P,338,P,364,P,8.3,P,9.5,P,8.3,P,389,P,8.3,P,693,P,1050,P,1310,P
USGS,9261000,2022-04-26,11.8,P,8.6,P,10.2,P,4830,A,9,P,9.7,P,322,P,327,P,8.3,P,9.4,P,8.3,P,338,P,8.3,P,738,P,854,P,1100,P
USGS,9261000,2022-04-27,13,P,10.2,P,11.6,P,4500,A,8.7,P,9.3,P,321,P,338,P,8.3,P,9,P,8.4,P,351,P,8.4,P,468,P,664,P,968,P
USGS,9261000,2022-04-28,13.6,P,11.8,P,12.7,P,4050,A,8.6,P,9,P,342,P,362,P,8.4,P,8.8,P,8.4,P,372,P,8.4,P,342,P,447,P,914,P
USGS,9261000,2022-04-29,13.8,P,12.2,P,13,P,3800,A,8.6,P,8.9,P,344,P,370,P,8.4,P,8.7,P,8.4,P,384,P,8.4,P,280,P,605,P,1190,P
USGS,9261000,2022-04-30,13.9,P,11.4,P,12.6,P,4290,A,8.7,P,9.2,P,362,P,369,P,8.4,P,8.9,P,8.4,P,377,P,8.4,P,273,P,563,P,1310,P
USGS,9261000,2022-05-01,12.6,P,11.2,P,12,P,5160,A,8.7,P,9,P,324,P,345,P,8.3,P,8.9,P,8.4,P,362,P,8.4,P,307,P,411,P,984,P
USGS,9261000,2022-05-02,13.4,P,11.6,P,12.4,P,4960,A,8.7,P,9,P,312,P,316,P,8.3,P,8.9,P,8.4,P,324,P,8.3,P,421,P,540,P,761,P
USGS,9261000,2022-05-03,12.5,P:[4],10.7,P:[4],11.3,P:[4],4770,A:e,8.8,P:[4],9.2,P:[4],,,,,8.3,P:[4],9,P:[4],8.4,P:[4],,,8.4,P:[4],321,P:[4],576,P:[4],860,P:[4]
USGS,9261000,2022-05-04,,,,,,,5170,A:e,,,,,,,,,,,,,,,,,,,,,,,,
USGS,9261000,2022-05-05,,,,,,,5410,A:e,,,,,,,,,,,,,,,,,,,,,,,,
USGS,9261000,2022-05-06,14.1,P:[4],12,P:[4],13.5,P:[4],5800,A:e,8.5,P:[4],9.3,P:[4],,,,,8.3,P:[4],,,8.3,P:[4],,,,,29.1,P:[4],,,762,P:[4]
USGS,9261000,2022-05-07,14.4,P,12.8,P,13.6,P,6020,A,8.4,P,8.7,P,339,P,355,P,8.3,P,8.5,P,8.4,P,370,P,8.4,P,236,P,305,P,535,P
USGS,9261000,2022-05-08,14,P,11.9,P,12.9,P,6140,A,8.5,P,8.8,P,342,P,359,P,8.4,P,8.7,P,8.4,P,376,P,8.4,P,187,P,246,P,383,P
USGS,9261000,2022-05-09,13.3,P:[4],11.1,P:[4],11.9,P:[4],7820,A,8.6,P:[4],9,P:[4],,,,,8.3,P:[4],8.8,P:[4],8.4,P:[4],,,8.3,P:[4],239,P:[4],435,P:[4],718,P:[4]
USGS,9261000,2022-05-10,12.6,P,10.4,P,11.4,P,8750,A,8.9,P,9.2,P,274,P,297,P,8.2,P,9,P,8.3,P,329,P,8.3,P,461,P,559,P,652,P
USGS,9261000,2022-05-11,12.7,P,10.4,P,11.5,P,8830,A,8.9,P,9.2,P,258,P,276,P,8.3,P,9.1,P,8.3,P,295,P,8.3,P,336,P,394,P,494,P
USGS,9261000,2022-05-12,13,P,10.6,P,11.6,P,8330,A,8.9,P,9.2,P,261,P,279,P,8.3,P,9.1,P,8.4,P,303,P,8.3,P,248,P,288,P,412,P
USGS,9261000,2022-05-13,12.2,P,10.1,P,11.2,P,8910,A,9.1,P,9.4,P,260,P,281,P,8.3,P,9.3,P,8.4,P,306,P,8.3,P,318,P,389,P,520,P
USGS,9261000,2022-05-14,13.3,P,10.6,P,12,P,10200,A,8.8,P,9.3,P,234,P,253,P,8.2,P,9.1,P,8.3,P,278,P,8.3,P,333,P,447,P,591,P
USGS,9261000,2022-05-15,14.9,P,11.7,P,13.2,P,9060,A,8.6,P,9.1,P,232,P,251,P,8.2,P,8.8,P,8.3,P,271,P,8.3,P,276,P,381,P,554,P
USGS,9261000,2022-05-16,16.3,P,13.3,P,14.8,P,9110,A,8.2,P,8.7,P,237,P,254,P,8.2,P,8.5,P,8.3,P,271,P,8.3,P,237,P,288,P,334,P
USGS,9261000,2022-05-17,16.7,P,14.2,P,15.3,P,9800,A,8.2,P,8.5,P,227,P,244,P,8.2,P,8.4,P,8.4,P,264,P,8.3,P,219,P,263,P,336,P
USGS,9261000,2022-05-18,16.1,P,13.9,P,14.9,P,11000,A,8.4,P,8.6,P,206,P,225,P,8.2,P,8.5,P,8.3,P,250,P,8.3,P,253,P,347,P,455,P
USGS,9261000,2022-05-19,15.9,P,13.6,P,14.6,P,11400,A,8.2,P,8.6,P,194,P,213,P,8.2,P,8.4,P,8.3,P,235,P,8.3,P,268,P,310,P,380,P
USGS,9261000,2022-05-20,13.9,P,11,P,13.1,P,12000,A,8.5,P,9.2,P,187,P,206,P,8.3,P,8.7,P,8.4,P,225,P,8.3,P,273,P,317,P,432,P
USGS,9261000,2022-05-21,12.4,P,10.3,P,11.2,P,12400,A,9.1,P,9.5,P,179,P,198,P,8.2,P,9.3,P,8.4,P,217,P,8.3,P,232,P,278,P,323,P
USGS,9261000,2022-05-22,12.3,P,10,P,11,P,11700,A,9.1,P,9.5,P,182,P,199,P,8.2,P,9.3,P,8.3,P,222,P,8.3,P,168,P,242,P,406,P
USGS,9261000,2022-05-23,12.6,P,10.2,P,11.3,P,9430,A,9.1,P,9.4,P,206,P,221,P,8.2,P,9.3,P,8.4,P,255,P,8.3,P,119,P,168,P,235,P
USGS,9261000,2022-05-24,13.3,P,10.6,P,11.9,P,8220,A,8.8,P,9.3,P,228,P,247,P,8.2,P,9.1,P,8.4,P,276,P,8.3,P,110,P,126,P,207,P
USGS,9261000,2022-05-25,14.7,P,11.2,P,12.8,P,7370,A,8.7,P:[4],9.2,P:[4],,,,,8.3,P:[4],9,P:[4],8.4,P:[4],,,8.3,P:[4],99.5,P:[4],,,176,P:[4]
USGS,9261000,2022-05-26,15.6,P,12.4,P,13.9,P,8580,A,8.6,P:[4],9,P:[4],,,,,8.3,P:[4],8.8,P:[4],8.4,P:[4],,,,,72.9,P:[4],,,243,P:[4]
USGS,9261000,2022-05-27,13.4,P,11.9,P,12.6,P,11900,A,8.8,P,9.1,P,417,P,449,P,,,9,P,,,474,P,,,132,P,187,P,420,P
USGS,9261000,2022-05-28,12.4,P,11.3,P,11.8,P,12800,A,9,P,9.1,P,441,P,464,P,,,9.1,P,,,476,P,,,86.9,P,133,P,477,P
USGS,9261000,2022-05-29,11.3,P,10.3,P,11,P,14200,A,9.1,P,9.3,P,415,P,439,P,,,9.2,P,,,460,P,,,88.3,P,137,P,761,P
USGS,9261000,2022-05-30,11.1,P,9.9,P,10.3,P,15700,A,9.3,P,9.5,P,392,P,399,P,,,9.4,P,,,417,P,,,106,P,143,P,428,P
USGS,9261000,2022-05-31,10.5,P,9.3,P,9.8,P,16600,A,9.5,P,9.6,P,361,P,380,P,,,9.6,P,,,392,P,,,108,P,153,P,384,P
USGS,9261000,2022-06-01,11.6,P:[4],9.3,P:[4],10.3,P:[4],16300,A,9.4,P:[4],9.6,P:[4],,,,,,,9.5,P:[4],,,,,,,93.7,P:[4],115,P:[4],344,P:[4]
USGS,9261000,2022-06-02,12.5,P,10.3,P,11.4,P,15000,A,9.2,P,9.5,P,407,P,427,P,8.2,P,9.4,P,8.3,P,440,P,8.3,P,85.9,P,107,P,185,P
USGS,9261000,2022-06-03,13.9,P,11,P,12.4,P,12400,A,8.8,P,9.3,P,398,P,430,P,8.3,P,9.1,P,8.3,P,446,P,8.3,P,83.3,P,113,P,195,P
USGS,9261000,2022-06-04,15.8,P,13.3,P,14.6,P,10100,A,8.5,P,8.8,P,389,P,391,P,8.3,P,8.6,P,8.4,P,398,P,8.3,P,73.8,P,120,P,247,P
USGS,9261000,2022-06-05,17,P,14.6,P,15.8,P,8440,A,8.1,P,8.6,P,302,P,360,P,8.3,P,8.4,P,8.4,P,391,P,8.3,P,111,P,249,P,509,P
USGS,9261000,2022-06-06,18.5,P,16.2,P,17.3,P,7070,A,7.9,P,8.3,P,247,P,270,P,8.2,P,8.1,P,8.3,P,302,P,8.3,P,,,,,,
USGS,9261000,2022-06-07,19.2,P,16.5,P,17.8,P,7710,A,7.9,P,8.2,P,202,P,226,P,8.2,P,8.1,P,8.3,P,256,P,8.3,P,138,P:[4],309,P:[4],533,P:[4]
USGS,9261000,2022-06-08,18.9,P,16.6,P,17.8,P,8700,A,8,P,8.2,P,185,P,199,P,8.2,P,8.1,P,8.3,P,220,P,8.2,P,171,P,348,P,593,P
USGS,9261000,2022-06-09,19.4,P,16.8,P,18.1,P,8920,A,7.9,P,8.2,P,175,P,184,P,8.2,P,8,P,8.3,P,202,P,8.2,P,145,P,323,P,635,P
USGS,9261000,2022-06-10,20,P,17.1,P,18.5,P,8950,A,7.8,P,8.2,P,171,P,178,P,8.2,P,8,P,8.2,P,188,P,8.2,P,111,P,205,P,335,P
USGS,9261000,2022-06-11,20.5,P,17.6,P,19.1,P,8640,A,7.7,P,8.1,P,165,P,180,P,8.2,P,7.9,P,8.2,P,191,P,8.2,P,102,P,155,P,272,P
USGS,9261000,2022-06-12,20.8,P,18.4,P,19.5,P,9060,A,7.6,P,7.9,P,152,P,172,P,8.2,P,7.7,P,8.3,P,183,P,8.2,P,83.3,P,149,P,268,P
USGS,9261000,2022-06-13,19.2,P,17.5,P,18.5,P,9270,A,7.7,P,8,P,158,P,168,P,8.2,P,7.8,P,8.3,P,179,P,8.2,P,93.7,P,111,P,164,P
USGS,9261000,2022-06-14,17.9,P,15.9,P,17,P,9320,A,8,P,8.4,P,152,P,163,P,8.2,P,8.2,P,8.2,P,192,P,8.2,P,102,P,119,P,169,P
USGS,9261000,2022-06-15,17.7,P,15.1,P,16.4,P,8780,A,8.2,P,8.5,P,144,P,163,P,8.2,P,8.4,P,8.3,P,174,P,8.2,P,90.5,P,110,P,159,P
USGS,9261000,2022-06-16,18.7,P,15.2,P,17,P,7520,A,7.9,P,8.5,P,149,P,168,P,8.2,P,8.3,P,8.3,P,194,P,8.2,P,78.6,P,112,P,280,P
USGS,9261000,2022-06-17,19.2,P,16.8,P,18,P,6130,A,7.8,P,8.2,P,139,P,171,P,8.2,P,8,P,8.3,P,199,P,8.3,P,84.6,P,139,P,485,P
USGS,9261000,2022-06-18,20.2,P,18,P,19,P,5570,A,7.6,P,8,P,153,P,169,P,8.2,P,7.8,P,8.3,P,200,P,8.3,P,119,P,248,P,870,P
USGS,9261000,2022-06-19,20.3,P,18.8,P,19.5,P,5530,A,7.7,P,7.9,P,146,P,185,P,8.2,P,7.8,P,8.4,P,211,P,8.3,P,176,P,359,P,654,P
USGS,9261000,2022-06-20,19.4,P,17.6,P,18.4,P,5820,A,7.8,P,8.2,P,148,P,173,P,8.2,P,8,P,8.4,P,209,P,8.3,P,106,P,386,P,716,P
USGS,9261000,2022-06-21,19.7,P,16.5,P,18.1,P,5690,A,7.9,P,8.5,P,150,P,188,P,8.2,P,8.2,P,8.4,P,210,P,8.3,P,91.5,P,456,P,1350,P
USGS,9261000,2022-06-22,20.4,P,17.1,P,18.7,P,6160,A,7.7,P,8.4,P,193,P,218,P,8.2,P,8.1,P,8.4,P,339,P,8.3,P,63.9,P,221,P,635,P
USGS,9261000,2022-06-23,19,P,16.7,P,17.5,P,8210,A,7.8,P,8.4,P,339,P,364,P,8.3,P,8.2,P,8.4,P,387,P,8.3,P,91.2,P,181,P,326,P
USGS,9261000,2022-06-24,17.3,P,15.5,P,16.4,P,7890,A,8.2,P,8.7,P,379,P,396,P,8.4,P,8.5,P,8.4,P,406,P,8.4,P,90.4,P,215,P,445,P
USGS,9261000,2022-06-25,17.6,P,15,P,16.3,P,7280,A,8.4,P,8.8,P,400,P,412,P,8.4,P,8.5,P,8.4,P,421,P,8.4,P,136,P,312,P,549,P
USGS,9261000,2022-06-26,20.2,P,16.3,P,18.2,P,5140,A,7.9,P,8.6,P,353,P,379,P,8.4,P,8.2,P,8.5,P,413,P,8.4,P,170,P,452,P,690,P
USGS,9261000,2022-06-27,22.2,P,18,P,20.1,P,4380,A,7.4,P,8.4,P,321,P,358,P,8.4,P,8,P,8.5,P,401,P,8.5,P,125,P,507,P,903,P
USGS,9261000,2022-06-28,22.9,P,19.8,P,21.3,P,3650,A,7.3,P,8.4,P,319,P,336,P,8.4,P,7.8,P,8.6,P,349,P,8.5,P,62.6,P,214,P,1240,P
USGS,9261000,2022-06-29,22.6,P,21,P,21.7,P,3410,P,7.3,P,8.2,P,329,P,345,P,8.4,P,7.6,P,8.6,P,360,P,8.5,P,63.3,P,134,P,293,P
USGS,9261000,2022-06-30,22.6,P,20.6,P,21.4,P,3270,P,7.4,P,8.4,P,337,P,355,P,8.4,P,7.7,P,8.6,P,368,P,8.5,P,64.1,P,93.7,P,142,P
USGS,9261000,2022-07-01,22.9,P,20,P,21.3,P,3160,P,7.3,P,8.4,P,351,P,370,P,8.4,P,7.8,P,8.6,P,382,P,8.5,P,55.1,P,173,P,278,P
USGS,9261000,2022-07-02,23.5,P,20.5,P,21.8,P,3000,P,7.1,P,7.6,P,364,P,384,P,8.3,P,7.4,P,8.4,P,395,P,8.3,P,59,P,307,P,564,P
USGS,9261000,2022-07-03,23.5,P:[4],21.3,P:[4],22.5,P:[4],3260,P,7.1,P:[4],7.4,P:[4],,,,,8.3,P:[4],7.2,P:[4],8.4,P:[4],,,8.3,P:[4],166,P:[4],375,P:[4],806,P:[4]
USGS,9261000,2022-07-04,23.7,P,21.4,P,22.4,P,3350,P,7.1,P,7.9,P,361,P,376,P,8.3,P,7.5,P,8.6,P,385,P,8.4,P,119,P,163,P,262,P
USGS,9261000,2022-07-05,23.4,P:[4],21.5,P:[4],22.1,P:[4],3100,P,7.1,P:[4],7.6,P:[4],,,,,8.3,P:[4],,,8.4,P:[4],,,,,158,P:[4],,,451,P:[4]
USGS,9261000,2022-07-06,24.1,P:[4],21.2,P:[4],22.7,P:[4],2800,P,7.1,P:[4],7.9,P:[4],,,,,8.3,P:[4],7.3,P:[4],8.6,P:[4],,,8.5,P:[4],164,P:[4],202,P:[4],254,P:[4]
USGS,9261000,2022-07-07,24.3,P,21.4,P,22.8,P,2630,P,7.1,P,8,P,394,P,408,P,8.2,P,7.5,P,8.6,P,424,P,8.4,P,54.6,P,166,P,297,P
USGS,9261000,2022-07-08,24.4,P,21.3,P,22.8,P,2550,P,7.1,P,8.1,P,402,P,417,P,8.3,P,7.5,P,8.7,P,430,P,8.6,P,38.7,P,44.9,P,57.4,P
USGS,9261000,2022-07-09,24.4,P,21.1,P,22.8,P,2440,P,7,P,8.1,P,416,P,426,P,8.2,P:[4],7.5,P,8.7,P:[4],435,P,8.6,P:[4],33.1,P,40.4,P,54.4,P
USGS,9261000,2022-07-10,23.9,P:[4],21.9,P:[4],22.9,P:[4],2310,P,7,P:[4],8,P:[4],,,,,8.4,P:[4],7.5,P:[4],8.7,P:[4],,,8.6,P:[4],34.7,P:[4],51.9,P:[4],95.5,P:[4]
USGS,9261000,2022-07-11,25.1,P:[4],21.8,P:[4],23.3,P:[4],2190,P,6.9,P:[4],8.1,P:[4],,,,,8.4,P:[4],7.4,P:[4],8.7,P:[4],,,8.6,P:[4],27,P:[4],63.2,P:[4],160,P:[4]
USGS,9261000,2022-07-12,,,,,,,2070,P,,,,,,,,,,,,,,,,,,,,,,,,
USGS,9261000,2022-07-13,,,,,,,1960,P,,,,,,,,,,,,,,,,,,,,,,,,
USGS,9261000,2022-07-17,25.6,P,22.2,P,24.2,P,1740,P,6.6,P,8.2,P,495,P,508,P,8.1,P,7.4,P,8.8,P,520,P,8.7,P,19.1,P,22.4,P,38.4,P
USGS,9261000,2022-07-18,25.6,P,23,P,24.5,P,1780,P,6.6,P,8.1,P,500,P,516,P,8.3,P,7.3,P,8.8,P,526,P,8.7,P,17.9,P,21.8,P,26.4,P
USGS,9261000,2022-07-19,26.1,P:[4],23.1,P:[4],24.4,P:[4],1840,P,6.7,P:[4],8,P:[4],,,,,8.2,P:[4],7.2,P:[4],8.8,P:[4],,,8.4,P:[4],18.2,P:[4],22.9,P:[4],27.6,P:[4]
USGS,9261000,2022-07-20,25.3,P,22.5,P,24,P,1910,P,6.8,P,8.3,P,506,P,515,P,8.2,P,7.5,P,8.8,P,521,P,8.7,P,18.5,P,22.3,P,27,P
USGS,9261000,2022-07-21,25.2,P,22.4,P,24,P,1920,P,6.7,P,8.4,P,505,P,517,P,8.2,P,7.5,P,8.8,P,524,P,8.7,P,18.3,P,26.6,P,285,P
USGS,9261000,2022-07-22,24.8,P,22.3,P,23.7,P,1930,P,6.7,P,8.4,P,517,P,530,P,8.2,P,7.5,P,8.8,P,537,P,8.7,P,18.5,P,21.9,P,31,P
USGS,9261000,2022-07-23,24.3,P,22.5,P,23.4,P,1930,P,6.7,P,8.4,P,525,P,538,P,8.4,P,7.5,P,8.8,P,544,P,8.7,P,15.6,P,20.4,P,51,P
USGS,9261000,2022-07-24,23.2,P,20.5,P,21.5,P,1970,P,7,P,8.2,P,533,P,543,P,8.3,P,7.5,P,8.7,P,550,P,8.5,P,16.8,P,21.7,P,52.2,P
USGS,9261000,2022-07-25,22.9,P,20,P,21.4,P,1990,P,7.1,P,9,P,535,P,544,P,8.4,P,8,P,8.8,P,548,P,8.7,P,14.9,P,19.8,P,28.4,P
USGS,9261000,2022-07-26,23.6,P,20,P,21.9,P,1960,P,6.9,P,8.9,P,538,P,547,P,8.2,P,7.9,P,8.9,P,550,P,8.7,P,13.7,P,17.3,P,21.7,P
USGS,9261000,2022-07-27,24.2,P,21.2,P,22.8,P,1930,P,6.8,P,8.8,P,538,P,552,P,8.4,P,7.7,P,8.9,P,557,P,8.7,P,13.3,P,16.7,P,27.2,P
USGS,9261000,2022-07-28,24,P,21.9,P,22.9,P,1920,P,6.8,P,8.7,P,551,P,556,P,8.4,P,7.6,P,8.9,P,561,P,8.7,P,12.5,P,16.4,P,27.8,P
USGS,9261000,2022-07-29,24.3,P,21.2,P,22.7,P,2080,P,6.8,P,8.8,P,547,P,556,P,8.3,P,7.7,P,8.9,P,561,P,8.8,P,13.4,P,16.8,P,38.8,P
USGS,9261000,2022-07-30,23.8,P,21.1,P,22.6,P,2050,P,6.8,P,8.7,P,540,P,545,P,8.2,P,7.7,P,8.9,P,552,P,8.7,P,15.7,P,22.5,P,157,P
USGS,9261000,2022-07-31,24,P,21.7,P,23,P,2020,P,6.8,P,8.7,P,547,P,563,P,8.4,P,7.5,P,8.8,P,576,P,8.6,P,13.9,P,52.1,P,151,P
USGS,9261000,2022-08-01,23.8,P,21.6,P,22.9,P,2000,P,6.8,P,8.4,P,540,P,565,P,8.3,P,7.5,P,8.8,P,569,P,8.7,P,33,P,56.9,P,118,P
USGS,9261000,2022-08-02,23.4,P,21.7,P,22.7,P,1990,P,6.9,P,8.6,P,553,P,564,P,8.4,P,7.6,P,8.9,P,570,P,8.7,P,19.1,P,32.8,P,391,P
USGS,9261000,2022-08-03,23.6,P,20.6,P,22.3,P,1990,P,6.9,P,8.9,P,553,P,566,P,8.2,P,7.8,P,8.9,P,572,P,8.8,P,15.9,P,24,P,52.5,P
USGS,9261000,2022-08-04,24.1,P,21.1,P,22.6,P,1990,P,6.8,P,8.8,P,564,P,571,P,8.3,P,7.7,P,8.9,P,576,P,8.8,P,13,P,18.7,P,39.6,P
USGS,9261000,2022-08-05,23.6,P,22,P,22.6,P,1960,P,6.8,P,8.3,P,567,P,574,P,8.5,P,7.5,P,8.8,P,579,P,8.7,P,14,P,23.5,P,105,P
USGS,9261000,2022-08-06,23.7,P,21.3,P,22.6,P,1950,P,6.9,P,8.7,P,565,P,579,P,8.4,P,7.6,P,8.9,P,582,P,8.7,P,22.9,P,34.1,P,63.9,P
USGS,9261000,2022-08-07,23.6,P,21,P,22.4,P,1920,P,6.8,P,8.9,P,569,P,575,P,8.2,P,7.8,P,8.9,P,580,P,8.8,P,15.1,P,20.9,P,34.9,P
USGS,9261000,2022-08-08,23.7,P,21,P,22.5,P,1940,P,6.8,P,8.9,P,561,P,577,P,8.2,P,7.8,P,8.9,P,593,P,8.8,P,12.6,P,21.4,P,403,P